"","FeatureID","Taxon","Domain","Supergroup","Division","Subdivision","Class","Order","Family","Genus","GENUS_SPECIES.x","Phylum","Grazer.Taxonomic.ID","GENUS","SPECIES","Synonym.Basionym","Feeding.Mode","Morphotype","ESD","Prey_MaxESD","Unknown","Bacteria","Detritus","Diatoms","Haptophytes","Chlorophytes","Cryptophytes","Raphidophytes","Pelagophytes","Dinoflagellates","Ciliates","Copepods","Copepod.Eggs...Nauplii","Metazoan.Host","Other","References","X","X.1","X.2","X.3","X.4","X.5","X.6","X.7","GENUS_SPECIES.y","DIST"
"1","78951b2d4ca30531381672a30be0978a","Eukaryota;TSAR;Alveolata;Dinoflagellata;Dinophyceae;Gymnodiniales;Gymnodiniaceae;Gyrodinium;Gyrodinium_fusiforme;","Eukaryota","TSAR","Alveolata","Dinoflagellata","Dinophyceae","Gymnodiniales","Gymnodiniaceae","Gyrodinium","Gyrodinium fusiforme","Dinoflagellata","Gyrodinium fusiforme","Gyrodinium","fusiforme","","Heterotroph","SH","31.1 - 39.9 µm","40 µm","","","","+","","","","","","+","","","","","","Naustvoll (2000); Takano & Horiguchi (2004); Saito et al. (2006); Sherr & Sherr (2007)",NA,NA,NA,NA,NA,NA,NA,NA,"Gyrodinium fusiforme",0
"2","5e17c3e33777d518bd32c27129ba5ebb","Eukaryota;TSAR;Alveolata;Dinoflagellata;Dinophyceae;Peridiniales;Amphidomataceae;Amphidoma;Amphidoma_languida;","Eukaryota","TSAR","Alveolata","Dinoflagellata","Dinophyceae","Peridiniales","Amphidomataceae","Amphidoma","Amphidoma languida","Dinoflagellata","Amphidoma languida","Amphidoma","languida","","Mixotroph","CM*","14.4 µm","not recorded","","+","","","","","","","","","","","","","","Stoecker (1999); Tillmann et al. (2015); Duhamel et al. (2019)",NA,NA,NA,NA,NA,NA,NA,NA,"Amphidoma languida",0
"3","03726af9054530eeb012eae67565fb47","Eukaryota;TSAR;Alveolata;Dinoflagellata;Dinophyceae;Gymnodiniales;Gymnodiniales_X;Levanderina;Levanderina_fissa;","Eukaryota","TSAR","Alveolata","Dinoflagellata","Dinophyceae","Gymnodiniales","Gymnodiniales_X","Levanderina","Levanderina fissa","Dinoflagellata","Levanderina fissa","Levanderina","fissa","Gyrodinium instriatum","Mixotroph","CM","47.9 µm","50 µm (L)","","","","","","","","","","","+","","","","","Biecheler (1952); Bockstahler & Coats (1993); Uchida et al. (1997); Moestrup et al. (2014)",NA,NA,NA,NA,NA,NA,NA,NA,"Levanderina fissa",0
"4","adabfc507c294f1b872586bbcb491181","Eukaryota;TSAR;Alveolata;Dinoflagellata;Dinophyceae;Gymnodiniales;Kareniaceae;Karlodinium;Karlodinium_veneficum;","Eukaryota","TSAR","Alveolata","Dinoflagellata","Dinophyceae","Gymnodiniales","Kareniaceae","Karlodinium","Karlodinium veneficum","Dinoflagellata","Karlodinium veneficum","Karlodinium","veneficum","Karlodinium micrum, Gyrodinium galatheanum","Mixotroph","CM","10.5 - 18.7 µm","10 µm","","+","","","","","+","","","+","","","","","","Li et al. (1999); Li et al. (2000); Li et al. (2001); Adolf et al. (2003); Adolf et al. (2006); Jeong et al. (2010); Calbet et al. (2011); Wang et al. (2011); Place et al. (2012); Zhou et al. (2015); Lin et al. (2018); Ferreira et al. (2022)",NA,NA,NA,NA,NA,NA,NA,NA,"Karlodinium veneficum",0
"5","a67b5e3ce0c7bcecc14633b458085920","Eukaryota;TSAR;Alveolata;Dinoflagellata;Dinophyceae;Gonyaulacales;Gonyaulacaceae;Gonyaulax;Gonyaulax_polygramma;","Eukaryota","TSAR","Alveolata","Dinoflagellata","Dinophyceae","Gonyaulacales","Gonyaulacaceae","Gonyaulax","Gonyaulax polygramma","Dinoflagellata","Gonyaulax polygramma","Gonyaulax","polygramma","G. schuetti","Mixotroph","CM","29.5 - 39.4 µm","20 µm","","+","","","","","+","","","+","","","","","","Jacobson & Anderson (1996); Jeong et al. (2005); Lee et al. (2016)",NA,NA,NA,NA,NA,NA,NA,NA,"Gonyaulax polygramma",0
"6","9928ba2ee7530f99cbc9d8a02e7fb2a2","Eukaryota;TSAR;Alveolata;Dinoflagellata;Dinophyceae;Gymnodiniales;Gymnodiniaceae;Gyrodinium;Gyrodinium_fusiforme;","Eukaryota","TSAR","Alveolata","Dinoflagellata","Dinophyceae","Gymnodiniales","Gymnodiniaceae","Gyrodinium","Gyrodinium fusiforme","Dinoflagellata","Gyrodinium fusiforme","Gyrodinium","fusiforme","","Heterotroph","SH","31.1 - 39.9 µm","40 µm","","","","+","","","","","","+","","","","","","Naustvoll (2000); Takano & Horiguchi (2004); Saito et al. (2006); Sherr & Sherr (2007)",NA,NA,NA,NA,NA,NA,NA,NA,"Gyrodinium fusiforme",0
"7","df81490a2d7cdc0c113f6afd54db878d","Eukaryota;TSAR;Alveolata;Dinoflagellata;Dinophyceae;Gonyaulacales;Pyrocystaceae;Alexandrium;Alexandrium_affine;","Eukaryota","TSAR","Alveolata","Dinoflagellata","Dinophyceae","Gonyaulacales","Pyrocystaceae","Alexandrium","Alexandrium affine","Dinoflagellata","Alexandrium affine","Alexandrium","affine","","Autotroph","","30.1 - 31.9 µm","not recorded","","","","","","","","","","","","","","","","Lee et al. (2016); Kim et al. (2017)",NA,NA,NA,NA,NA,NA,NA,NA,"Alexandrium affine",0
"8","e99d0f2958a689ca29249bd89d11da36","Eukaryota;TSAR;Alveolata;Dinoflagellata;Dinophyceae;Gymnodiniales;Gymnodiniaceae;Gyrodinium;Gyrodinium_fusiforme;","Eukaryota","TSAR","Alveolata","Dinoflagellata","Dinophyceae","Gymnodiniales","Gymnodiniaceae","Gyrodinium","Gyrodinium fusiforme","Dinoflagellata","Gyrodinium fusiforme","Gyrodinium","fusiforme","","Heterotroph","SH","31.1 - 39.9 µm","40 µm","","","","+","","","","","","+","","","","","","Naustvoll (2000); Takano & Horiguchi (2004); Saito et al. (2006); Sherr & Sherr (2007)",NA,NA,NA,NA,NA,NA,NA,NA,"Gyrodinium fusiforme",0
"9","00f066863da13773adc026b18451bb76","Eukaryota;TSAR;Alveolata;Dinoflagellata;Dinophyceae;Gonyaulacales;Gonyaulacaceae;Gonyaulax;Gonyaulax_polygramma;","Eukaryota","TSAR","Alveolata","Dinoflagellata","Dinophyceae","Gonyaulacales","Gonyaulacaceae","Gonyaulax","Gonyaulax polygramma","Dinoflagellata","Gonyaulax polygramma","Gonyaulax","polygramma","G. schuetti","Mixotroph","CM","29.5 - 39.4 µm","20 µm","","+","","","","","+","","","+","","","","","","Jacobson & Anderson (1996); Jeong et al. (2005); Lee et al. (2016)",NA,NA,NA,NA,NA,NA,NA,NA,"Gonyaulax polygramma",0
"10","e4c357a6f1f5d47536f1e3f002d411f9","Eukaryota;TSAR;Alveolata;Dinoflagellata;Dinophyceae;Gonyaulacales;Gonyaulacales_X;Carinadinium;Carinadinium_ovatum;","Eukaryota","TSAR","Alveolata","Dinoflagellata","Dinophyceae","Gonyaulacales","Gonyaulacales_X","Carinadinium","Carinadinium ovatum",NA,NA,NA,NA,NA,NA,NA,NA,NA,NA,NA,NA,NA,NA,NA,NA,NA,NA,NA,NA,NA,NA,NA,NA,NA,NA,NA,NA,NA,NA,NA,NA,NA,NA,NA
"11","4e16577523131b11dadc2885ba25ca4e","Eukaryota;TSAR;Alveolata;Dinoflagellata;Dinophyceae;Gymnodiniales;Gymnodiniales_X;Grammatodinium;Grammatodinium_tongyeonginum;","Eukaryota","TSAR","Alveolata","Dinoflagellata","Dinophyceae","Gymnodiniales","Gymnodiniales_X","Grammatodinium","Grammatodinium tongyeonginum","Dinoflagellata","Grammatodinium tongyeonginum","Grammatodinium","tongyeonginum","","Mixotroph","CM","22.7 - 35.6 µm","not recorded","+","","","","","","","","","","","","","","","Li et al. (2017)",NA,NA,NA,NA,NA,NA,NA,NA,"Grammatodinium tongyeonginum",0
"12","a39f4c467a0d13e165709520f2639693","Eukaryota;TSAR;Alveolata;Dinoflagellata;Dinophyceae;Peridiniales;Peridiniales_X;Brandtodinium;Brandtodinium_nutricula;","Eukaryota","TSAR","Alveolata","Dinoflagellata","Dinophyceae","Peridiniales","Peridiniales_X","Brandtodinium","Brandtodinium nutricula",NA,NA,NA,NA,NA,NA,NA,NA,NA,NA,NA,NA,NA,NA,NA,NA,NA,NA,NA,NA,NA,NA,NA,NA,NA,NA,NA,NA,NA,NA,NA,NA,NA,NA,NA
"13","f1ac07a01d2492514c80b5d494c385c1","Eukaryota;TSAR;Alveolata;Dinoflagellata;Dinophyceae;Prorocentrales;Prorocentraceae;Prorocentrum;Prorocentrum_donghaiense;","Eukaryota","TSAR","Alveolata","Dinoflagellata","Dinophyceae","Prorocentrales","Prorocentraceae","Prorocentrum","Prorocentrum donghaiense",NA,NA,NA,NA,NA,NA,NA,NA,NA,NA,NA,NA,NA,NA,NA,NA,NA,NA,NA,NA,NA,NA,NA,NA,NA,NA,NA,NA,NA,NA,NA,NA,NA,NA,NA
"14","4b1a24eabe41fc61dc44dfb7b1c155f4","Eukaryota;TSAR;Alveolata;Dinoflagellata;Dinophyceae;Gymnodiniales;Gymnodiniaceae;Gyrodinium;Gyrodinium_fusiforme;","Eukaryota","TSAR","Alveolata","Dinoflagellata","Dinophyceae","Gymnodiniales","Gymnodiniaceae","Gyrodinium","Gyrodinium fusiforme","Dinoflagellata","Gyrodinium fusiforme","Gyrodinium","fusiforme","","Heterotroph","SH","31.1 - 39.9 µm","40 µm","","","","+","","","","","","+","","","","","","Naustvoll (2000); Takano & Horiguchi (2004); Saito et al. (2006); Sherr & Sherr (2007)",NA,NA,NA,NA,NA,NA,NA,NA,"Gyrodinium fusiforme",0
"15","3d1d3485878e803e02f1f7b8ca173e61","Eukaryota;TSAR;Alveolata;Dinoflagellata;Dinophyceae;Peridiniales;Amphidomataceae;Amphidoma;Amphidoma_languida;","Eukaryota","TSAR","Alveolata","Dinoflagellata","Dinophyceae","Peridiniales","Amphidomataceae","Amphidoma","Amphidoma languida","Dinoflagellata","Amphidoma languida","Amphidoma","languida","","Mixotroph","CM*","14.4 µm","not recorded","","+","","","","","","","","","","","","","","Stoecker (1999); Tillmann et al. (2015); Duhamel et al. (2019)",NA,NA,NA,NA,NA,NA,NA,NA,"Amphidoma languida",0
"16","bb53aca625312992515fdea72094f754","Eukaryota;TSAR;Alveolata;Dinoflagellata;Dinophyceae;Gymnodiniales;Gymnodiniaceae;Gyrodinium;Gyrodinium_fusiforme;","Eukaryota","TSAR","Alveolata","Dinoflagellata","Dinophyceae","Gymnodiniales","Gymnodiniaceae","Gyrodinium","Gyrodinium fusiforme","Dinoflagellata","Gyrodinium fusiforme","Gyrodinium","fusiforme","","Heterotroph","SH","31.1 - 39.9 µm","40 µm","","","","+","","","","","","+","","","","","","Naustvoll (2000); Takano & Horiguchi (2004); Saito et al. (2006); Sherr & Sherr (2007)",NA,NA,NA,NA,NA,NA,NA,NA,"Gyrodinium fusiforme",0
"17","c34d5b09154618d41a6410b168848730","Eukaryota;TSAR;Alveolata;Dinoflagellata;Dinophyceae;Gonyaulacales;Pyrocystaceae;Alexandrium;Alexandrium_ostenfeldii;","Eukaryota","TSAR","Alveolata","Dinoflagellata","Dinophyceae","Gonyaulacales","Pyrocystaceae","Alexandrium","Alexandrium ostenfeldii","Dinoflagellata","Alexandrium ostenfeldii","Alexandrium","ostenfeldii","Alexandriun peruvianum","Mixotroph","CM","46.2 - 62.6 µm","48 µm","","","","","","","","","","+","+","","","","","Jacobson and Anderson (1996); Gribble et al. (2005); Blossom et al. (2012); Lee et al. (2016); Blossom et al. (2017); Mitra et al. (2023)",NA,NA,NA,NA,NA,NA,NA,NA,"Alexandrium ostenfeldii",0
"18","66706e253cd15a42964f3529eb1d4b90","Eukaryota;TSAR;Alveolata;Dinoflagellata;Dinophyceae;Gonyaulacales;Gonyaulacaceae;Gonyaulax;Gonyaulax_polygramma;","Eukaryota","TSAR","Alveolata","Dinoflagellata","Dinophyceae","Gonyaulacales","Gonyaulacaceae","Gonyaulax","Gonyaulax polygramma","Dinoflagellata","Gonyaulax polygramma","Gonyaulax","polygramma","G. schuetti","Mixotroph","CM","29.5 - 39.4 µm","20 µm","","+","","","","","+","","","+","","","","","","Jacobson & Anderson (1996); Jeong et al. (2005); Lee et al. (2016)",NA,NA,NA,NA,NA,NA,NA,NA,"Gonyaulax polygramma",0
"19","3045268bc4554606dfc30f4cdd056026","Eukaryota;TSAR;Alveolata;Dinoflagellata;Dinophyceae;Gonyaulacales;Gonyaulacales_X;Carinadinium;Carinadinium_ovatum;","Eukaryota","TSAR","Alveolata","Dinoflagellata","Dinophyceae","Gonyaulacales","Gonyaulacales_X","Carinadinium","Carinadinium ovatum",NA,NA,NA,NA,NA,NA,NA,NA,NA,NA,NA,NA,NA,NA,NA,NA,NA,NA,NA,NA,NA,NA,NA,NA,NA,NA,NA,NA,NA,NA,NA,NA,NA,NA,NA
"20","1ec21f8afee0572240315afc4fcf14d2","Eukaryota;TSAR;Alveolata;Dinoflagellata;Dinophyceae;Gymnodiniales;Gymnodiniaceae;Margalefidinium;Margalefidinium_polykrikoides;","Eukaryota","TSAR","Alveolata","Dinoflagellata","Dinophyceae","Gymnodiniales","Gymnodiniaceae","Margalefidinium","Margalefidinium polykrikoides","Dinoflagellata","Margalefidinium polykrikoides","Margalefidinium","polykrikoides","Cochlodinium polykrikoides","Mixotroph","CM","23 - 28.8 µm","11 µm","","+","","+","+","","+","","","+","","","","","","Jeong et al. (2004); Jeong et al. (2005)",NA,NA,NA,NA,NA,NA,NA,NA,"Margalefidinium polykrikoides",0
"21","bd1504fba279b57524ba2e239cfca965","Eukaryota;TSAR;Alveolata;Dinoflagellata;Dinophyceae;Gonyaulacales;Pyrocystaceae;Alexandrium;Alexandrium_ostenfeldii;","Eukaryota","TSAR","Alveolata","Dinoflagellata","Dinophyceae","Gonyaulacales","Pyrocystaceae","Alexandrium","Alexandrium ostenfeldii","Dinoflagellata","Alexandrium ostenfeldii","Alexandrium","ostenfeldii","Alexandriun peruvianum","Mixotroph","CM","46.2 - 62.6 µm","48 µm","","","","","","","","","","+","+","","","","","Jacobson and Anderson (1996); Gribble et al. (2005); Blossom et al. (2012); Lee et al. (2016); Blossom et al. (2017); Mitra et al. (2023)",NA,NA,NA,NA,NA,NA,NA,NA,"Alexandrium ostenfeldii",0
"22","f9500e66827cb1d732f12cc83be5462a","Eukaryota;TSAR;Alveolata;Dinoflagellata;Dinophyceae;Gymnodiniales;Gymnodiniales_X;Levanderina;Levanderina_fissa;","Eukaryota","TSAR","Alveolata","Dinoflagellata","Dinophyceae","Gymnodiniales","Gymnodiniales_X","Levanderina","Levanderina fissa","Dinoflagellata","Levanderina fissa","Levanderina","fissa","Gyrodinium instriatum","Mixotroph","CM","47.9 µm","50 µm (L)","","","","","","","","","","","+","","","","","Biecheler (1952); Bockstahler & Coats (1993); Uchida et al. (1997); Moestrup et al. (2014)",NA,NA,NA,NA,NA,NA,NA,NA,"Levanderina fissa",0
"23","ade43485ac6d137d18adbbf066048c2b","Eukaryota;TSAR;Alveolata;Dinoflagellata;Dinophyceae;Gonyaulacales;Gonyaulacaceae;Gonyaulax;Gonyaulax_polygramma;","Eukaryota","TSAR","Alveolata","Dinoflagellata","Dinophyceae","Gonyaulacales","Gonyaulacaceae","Gonyaulax","Gonyaulax polygramma","Dinoflagellata","Gonyaulax polygramma","Gonyaulax","polygramma","G. schuetti","Mixotroph","CM","29.5 - 39.4 µm","20 µm","","+","","","","","+","","","+","","","","","","Jacobson & Anderson (1996); Jeong et al. (2005); Lee et al. (2016)",NA,NA,NA,NA,NA,NA,NA,NA,"Gonyaulax polygramma",0
"24","f60b731255b742c17020465b4a8dcaa9","Eukaryota;TSAR;Alveolata;Dinoflagellata;Syndiniales;Dino-Group-I;Dino-Group-I-Clade-3;Ichthyodinium;Ichthyodinium_chabelardi;","Eukaryota","TSAR","Alveolata","Dinoflagellata","Syndiniales","Dino-Group-I","Dino-Group-I-Clade-3","Ichthyodinium","Ichthyodinium chabelardi",NA,NA,NA,NA,NA,NA,NA,NA,NA,NA,NA,NA,NA,NA,NA,NA,NA,NA,NA,NA,NA,NA,NA,NA,NA,NA,NA,NA,NA,NA,NA,NA,NA,NA,NA
"25","63a8be58d3e1ec4c55c991c015876b93","Eukaryota;TSAR;Alveolata;Dinoflagellata;Dinophyceae;Peridiniales;Heterocapsaceae;Heterocapsa;Heterocapsa_nei/rotundata;","Eukaryota","TSAR","Alveolata","Dinoflagellata","Dinophyceae","Peridiniales","Heterocapsaceae","Heterocapsa","Heterocapsa nei/rotundata","Dinoflagellata","Heterocapsa nei/rotundata","Heterocapsa","nei/rotundata","","Mixotroph","CM","5.4 - 6.2 µm"," < 5 µm","","+","","+","","","","","","","","","","","","Jeong et al. (2005); Yoo et al. (2009); Jeong et al. (2010); Blossom et al. (2017); Millette et al. (2017); Lee et al. (2019)",NA,NA,NA,NA,NA,NA,NA,NA,"Heterocapsa nei/rotundata",0
"26","cc7d2676622fe37ef3fc9b42eae504a4","Eukaryota;TSAR;Alveolata;Dinoflagellata;Syndiniales;Dino-Group-I;Dino-Group-I-Clade-3;Ichthyodinium;Ichthyodinium_chabelardi;","Eukaryota","TSAR","Alveolata","Dinoflagellata","Syndiniales","Dino-Group-I","Dino-Group-I-Clade-3","Ichthyodinium","Ichthyodinium chabelardi",NA,NA,NA,NA,NA,NA,NA,NA,NA,NA,NA,NA,NA,NA,NA,NA,NA,NA,NA,NA,NA,NA,NA,NA,NA,NA,NA,NA,NA,NA,NA,NA,NA,NA,NA
"27","f1a09d5a6efe92f28408e649caa97392","Eukaryota;TSAR;Alveolata;Dinoflagellata;Dinophyceae;Gymnodiniales;Gymnodiniaceae;Margalefidinium;Margalefidinium_polykrikoides;","Eukaryota","TSAR","Alveolata","Dinoflagellata","Dinophyceae","Gymnodiniales","Gymnodiniaceae","Margalefidinium","Margalefidinium polykrikoides","Dinoflagellata","Margalefidinium polykrikoides","Margalefidinium","polykrikoides","Cochlodinium polykrikoides","Mixotroph","CM","23 - 28.8 µm","11 µm","","+","","+","+","","+","","","+","","","","","","Jeong et al. (2004); Jeong et al. (2005)",NA,NA,NA,NA,NA,NA,NA,NA,"Margalefidinium polykrikoides",0
"28","b0488a063ee060ef5324bf06ae1268aa","Eukaryota;TSAR;Alveolata;Dinoflagellata;Syndiniales;Dino-Group-I;Dino-Group-I-Clade-3;Ichthyodinium;Ichthyodinium_chabelardi;","Eukaryota","TSAR","Alveolata","Dinoflagellata","Syndiniales","Dino-Group-I","Dino-Group-I-Clade-3","Ichthyodinium","Ichthyodinium chabelardi",NA,NA,NA,NA,NA,NA,NA,NA,NA,NA,NA,NA,NA,NA,NA,NA,NA,NA,NA,NA,NA,NA,NA,NA,NA,NA,NA,NA,NA,NA,NA,NA,NA,NA,NA
"29","50e2783e4d1e253afcfc33708278208e","Eukaryota;TSAR;Alveolata;Dinoflagellata;Dinophyceae;Peridiniales;Thoracosphaeraceae;Pfiesteria;Pfiesteria_piscicida;","Eukaryota","TSAR","Alveolata","Dinoflagellata","Dinophyceae","Peridiniales","Thoracosphaeraceae","Pfiesteria","Pfiesteria piscicida","Dinoflagellata","Pfiesteria piscicda","Pfiesteria","piscicda","","Mixotroph","pSNCM","13.5 µm","40 µm","","","","+","","","+","+","","+","","","","","","Steidinger et al. (1996); Lewitus et al. (1999); Feinstein et al. (2002); Stoecker & Gustafson (2002); Jeong et al. (2006); Kang et al. (2018); Jeong et al. (2021); Park et al. (2021)",NA,NA,NA,NA,NA,NA,NA,NA,"Pfiesteria piscicda",1
"30","913b4a4ba9bc38bb0e163652ad47196c","Eukaryota;TSAR;Alveolata;Dinoflagellata;Dinophyceae;Gymnodiniales;Gymnodiniaceae;Gyrodinium;Gyrodinium_fusiforme;","Eukaryota","TSAR","Alveolata","Dinoflagellata","Dinophyceae","Gymnodiniales","Gymnodiniaceae","Gyrodinium","Gyrodinium fusiforme","Dinoflagellata","Gyrodinium fusiforme","Gyrodinium","fusiforme","","Heterotroph","SH","31.1 - 39.9 µm","40 µm","","","","+","","","","","","+","","","","","","Naustvoll (2000); Takano & Horiguchi (2004); Saito et al. (2006); Sherr & Sherr (2007)",NA,NA,NA,NA,NA,NA,NA,NA,"Gyrodinium fusiforme",0
"31","a5e6bd6e7e353d388488d9175ba5a242","Eukaryota;TSAR;Alveolata;Dinoflagellata;Dinophyceae;Gymnodiniales;Gymnodiniaceae;Margalefidinium;Margalefidinium_polykrikoides;","Eukaryota","TSAR","Alveolata","Dinoflagellata","Dinophyceae","Gymnodiniales","Gymnodiniaceae","Margalefidinium","Margalefidinium polykrikoides","Dinoflagellata","Margalefidinium polykrikoides","Margalefidinium","polykrikoides","Cochlodinium polykrikoides","Mixotroph","CM","23 - 28.8 µm","11 µm","","+","","+","+","","+","","","+","","","","","","Jeong et al. (2004); Jeong et al. (2005)",NA,NA,NA,NA,NA,NA,NA,NA,"Margalefidinium polykrikoides",0
"32","62e6e3a34b00f0318a0197c16493b7e9","Eukaryota;TSAR;Alveolata;Dinoflagellata;Dinophyceae;Gonyaulacales;Gonyaulacaceae;Gonyaulax;Gonyaulax_elongata;","Eukaryota","TSAR","Alveolata","Dinoflagellata","Dinophyceae","Gonyaulacales","Gonyaulacaceae","Gonyaulax","Gonyaulax elongata",NA,NA,NA,NA,NA,NA,NA,NA,NA,NA,NA,NA,NA,NA,NA,NA,NA,NA,NA,NA,NA,NA,NA,NA,NA,NA,NA,NA,NA,NA,NA,NA,NA,NA,NA
"33","f87e5026c45cf928801b8489a8a017a5","Eukaryota;TSAR;Alveolata;Dinoflagellata;Dinophyceae;Gymnodiniales;Gymnodiniaceae;Gyrodinium;Gyrodinium_fusiforme;","Eukaryota","TSAR","Alveolata","Dinoflagellata","Dinophyceae","Gymnodiniales","Gymnodiniaceae","Gyrodinium","Gyrodinium fusiforme","Dinoflagellata","Gyrodinium fusiforme","Gyrodinium","fusiforme","","Heterotroph","SH","31.1 - 39.9 µm","40 µm","","","","+","","","","","","+","","","","","","Naustvoll (2000); Takano & Horiguchi (2004); Saito et al. (2006); Sherr & Sherr (2007)",NA,NA,NA,NA,NA,NA,NA,NA,"Gyrodinium fusiforme",0
"34","4253e14f55b85e97892025b40c4c0fcf","Eukaryota;TSAR;Alveolata;Dinoflagellata;Dinophyceae;Gymnodiniales;Gymnodiniaceae;Margalefidinium;Margalefidinium_polykrikoides;","Eukaryota","TSAR","Alveolata","Dinoflagellata","Dinophyceae","Gymnodiniales","Gymnodiniaceae","Margalefidinium","Margalefidinium polykrikoides","Dinoflagellata","Margalefidinium polykrikoides","Margalefidinium","polykrikoides","Cochlodinium polykrikoides","Mixotroph","CM","23 - 28.8 µm","11 µm","","+","","+","+","","+","","","+","","","","","","Jeong et al. (2004); Jeong et al. (2005)",NA,NA,NA,NA,NA,NA,NA,NA,"Margalefidinium polykrikoides",0
"35","887979f8ea7d62debcba72eedb65e4ac","Eukaryota;TSAR;Alveolata;Dinoflagellata;Dinophyceae;Gymnodiniales;Gymnodiniaceae;Margalefidinium;Margalefidinium_polykrikoides;","Eukaryota","TSAR","Alveolata","Dinoflagellata","Dinophyceae","Gymnodiniales","Gymnodiniaceae","Margalefidinium","Margalefidinium polykrikoides","Dinoflagellata","Margalefidinium polykrikoides","Margalefidinium","polykrikoides","Cochlodinium polykrikoides","Mixotroph","CM","23 - 28.8 µm","11 µm","","+","","+","+","","+","","","+","","","","","","Jeong et al. (2004); Jeong et al. (2005)",NA,NA,NA,NA,NA,NA,NA,NA,"Margalefidinium polykrikoides",0
"36","245ce3006795cf00b975a9cd732a4774","Eukaryota;TSAR;Alveolata;Dinoflagellata;Dinophyceae;Gonyaulacales;Gonyaulacaceae;Gonyaulax;Gonyaulax_polygramma;","Eukaryota","TSAR","Alveolata","Dinoflagellata","Dinophyceae","Gonyaulacales","Gonyaulacaceae","Gonyaulax","Gonyaulax polygramma","Dinoflagellata","Gonyaulax polygramma","Gonyaulax","polygramma","G. schuetti","Mixotroph","CM","29.5 - 39.4 µm","20 µm","","+","","","","","+","","","+","","","","","","Jacobson & Anderson (1996); Jeong et al. (2005); Lee et al. (2016)",NA,NA,NA,NA,NA,NA,NA,NA,"Gonyaulax polygramma",0
"37","8c9216eef4eac520ab42955a3bff5986","Eukaryota;TSAR;Alveolata;Dinoflagellata;Dinophyceae;Gymnodiniales;Gymnodiniaceae;Gyrodinium;Gyrodinium_fusiforme;","Eukaryota","TSAR","Alveolata","Dinoflagellata","Dinophyceae","Gymnodiniales","Gymnodiniaceae","Gyrodinium","Gyrodinium fusiforme","Dinoflagellata","Gyrodinium fusiforme","Gyrodinium","fusiforme","","Heterotroph","SH","31.1 - 39.9 µm","40 µm","","","","+","","","","","","+","","","","","","Naustvoll (2000); Takano & Horiguchi (2004); Saito et al. (2006); Sherr & Sherr (2007)",NA,NA,NA,NA,NA,NA,NA,NA,"Gyrodinium fusiforme",0
"38","47d64ade8ea446fa406631ddd91eb603","Eukaryota;TSAR;Alveolata;Dinoflagellata;Dinophyceae;Gymnodiniales;Gymnodiniales_X;Grammatodinium;Grammatodinium_tongyeonginum;","Eukaryota","TSAR","Alveolata","Dinoflagellata","Dinophyceae","Gymnodiniales","Gymnodiniales_X","Grammatodinium","Grammatodinium tongyeonginum","Dinoflagellata","Grammatodinium tongyeonginum","Grammatodinium","tongyeonginum","","Mixotroph","CM","22.7 - 35.6 µm","not recorded","+","","","","","","","","","","","","","","","Li et al. (2017)",NA,NA,NA,NA,NA,NA,NA,NA,"Grammatodinium tongyeonginum",0
"39","687298dd9aeb15a55fa51b65e8970b33","Eukaryota;TSAR;Alveolata;Dinoflagellata;Dinophyceae;Gymnodiniales;Gymnodiniales_X;Levanderina;Levanderina_fissa;","Eukaryota","TSAR","Alveolata","Dinoflagellata","Dinophyceae","Gymnodiniales","Gymnodiniales_X","Levanderina","Levanderina fissa","Dinoflagellata","Levanderina fissa","Levanderina","fissa","Gyrodinium instriatum","Mixotroph","CM","47.9 µm","50 µm (L)","","","","","","","","","","","+","","","","","Biecheler (1952); Bockstahler & Coats (1993); Uchida et al. (1997); Moestrup et al. (2014)",NA,NA,NA,NA,NA,NA,NA,NA,"Levanderina fissa",0
"40","50fa1fc294aec8a241ffd2811a9bf76e","Eukaryota;TSAR;Alveolata;Dinoflagellata;Dinophyceae;Gymnodiniales;Gymnodiniaceae;Gyrodinium;Gyrodinium_fusiforme;","Eukaryota","TSAR","Alveolata","Dinoflagellata","Dinophyceae","Gymnodiniales","Gymnodiniaceae","Gyrodinium","Gyrodinium fusiforme","Dinoflagellata","Gyrodinium fusiforme","Gyrodinium","fusiforme","","Heterotroph","SH","31.1 - 39.9 µm","40 µm","","","","+","","","","","","+","","","","","","Naustvoll (2000); Takano & Horiguchi (2004); Saito et al. (2006); Sherr & Sherr (2007)",NA,NA,NA,NA,NA,NA,NA,NA,"Gyrodinium fusiforme",0
"41","261e35ab0df20f785095978db5439c25","Eukaryota;TSAR;Alveolata;Dinoflagellata;Dinophyceae;Gymnodiniales;Gymnodiniales_X;Grammatodinium;Grammatodinium_tongyeonginum;","Eukaryota","TSAR","Alveolata","Dinoflagellata","Dinophyceae","Gymnodiniales","Gymnodiniales_X","Grammatodinium","Grammatodinium tongyeonginum","Dinoflagellata","Grammatodinium tongyeonginum","Grammatodinium","tongyeonginum","","Mixotroph","CM","22.7 - 35.6 µm","not recorded","+","","","","","","","","","","","","","","","Li et al. (2017)",NA,NA,NA,NA,NA,NA,NA,NA,"Grammatodinium tongyeonginum",0
"42","f8182d8bfbcf0c1b88361cea1075f53e","Eukaryota;TSAR;Alveolata;Dinoflagellata;Dinophyceae;Gymnodiniales;Gymnodiniaceae;Gyrodinium;Gyrodinium_fusiforme;","Eukaryota","TSAR","Alveolata","Dinoflagellata","Dinophyceae","Gymnodiniales","Gymnodiniaceae","Gyrodinium","Gyrodinium fusiforme","Dinoflagellata","Gyrodinium fusiforme","Gyrodinium","fusiforme","","Heterotroph","SH","31.1 - 39.9 µm","40 µm","","","","+","","","","","","+","","","","","","Naustvoll (2000); Takano & Horiguchi (2004); Saito et al. (2006); Sherr & Sherr (2007)",NA,NA,NA,NA,NA,NA,NA,NA,"Gyrodinium fusiforme",0
"43","cdc3570e77dc24b89dd8a8a5f91fddd9","Eukaryota;TSAR;Alveolata;Dinoflagellata;Syndiniales;Dino-Group-I;Dino-Group-I-Clade-3;Ichthyodinium;Ichthyodinium_chabelardi;","Eukaryota","TSAR","Alveolata","Dinoflagellata","Syndiniales","Dino-Group-I","Dino-Group-I-Clade-3","Ichthyodinium","Ichthyodinium chabelardi",NA,NA,NA,NA,NA,NA,NA,NA,NA,NA,NA,NA,NA,NA,NA,NA,NA,NA,NA,NA,NA,NA,NA,NA,NA,NA,NA,NA,NA,NA,NA,NA,NA,NA,NA
"44","1b970fc19ee711b955b514a780eabc94","Eukaryota;TSAR;Alveolata;Dinoflagellata;Dinophyceae;Gonyaulacales;Gonyaulacaceae;Gonyaulax;Gonyaulax_polygramma;","Eukaryota","TSAR","Alveolata","Dinoflagellata","Dinophyceae","Gonyaulacales","Gonyaulacaceae","Gonyaulax","Gonyaulax polygramma","Dinoflagellata","Gonyaulax polygramma","Gonyaulax","polygramma","G. schuetti","Mixotroph","CM","29.5 - 39.4 µm","20 µm","","+","","","","","+","","","+","","","","","","Jacobson & Anderson (1996); Jeong et al. (2005); Lee et al. (2016)",NA,NA,NA,NA,NA,NA,NA,NA,"Gonyaulax polygramma",0
"45","c13594db8413a0c8a72c70339554260f","Eukaryota;TSAR;Alveolata;Dinoflagellata;Dinophyceae;Gymnodiniales;Gymnodiniaceae;Margalefidinium;Margalefidinium_polykrikoides;","Eukaryota","TSAR","Alveolata","Dinoflagellata","Dinophyceae","Gymnodiniales","Gymnodiniaceae","Margalefidinium","Margalefidinium polykrikoides","Dinoflagellata","Margalefidinium polykrikoides","Margalefidinium","polykrikoides","Cochlodinium polykrikoides","Mixotroph","CM","23 - 28.8 µm","11 µm","","+","","+","+","","+","","","+","","","","","","Jeong et al. (2004); Jeong et al. (2005)",NA,NA,NA,NA,NA,NA,NA,NA,"Margalefidinium polykrikoides",0
"46","7fdae8b5d47cb1b28ac7125b1a685ee4","Eukaryota;TSAR;Alveolata;Dinoflagellata;Dinophyceae;Gonyaulacales;Gonyaulacaceae;Gonyaulax;Gonyaulax_polygramma;","Eukaryota","TSAR","Alveolata","Dinoflagellata","Dinophyceae","Gonyaulacales","Gonyaulacaceae","Gonyaulax","Gonyaulax polygramma","Dinoflagellata","Gonyaulax polygramma","Gonyaulax","polygramma","G. schuetti","Mixotroph","CM","29.5 - 39.4 µm","20 µm","","+","","","","","+","","","+","","","","","","Jacobson & Anderson (1996); Jeong et al. (2005); Lee et al. (2016)",NA,NA,NA,NA,NA,NA,NA,NA,"Gonyaulax polygramma",0
"47","15cb086f74b607810cc97be58bc01566","Eukaryota;TSAR;Alveolata;Dinoflagellata;Dinophyceae;Peridiniales;Amphidomataceae;Amphidoma;Amphidoma_languida;","Eukaryota","TSAR","Alveolata","Dinoflagellata","Dinophyceae","Peridiniales","Amphidomataceae","Amphidoma","Amphidoma languida","Dinoflagellata","Amphidoma languida","Amphidoma","languida","","Mixotroph","CM*","14.4 µm","not recorded","","+","","","","","","","","","","","","","","Stoecker (1999); Tillmann et al. (2015); Duhamel et al. (2019)",NA,NA,NA,NA,NA,NA,NA,NA,"Amphidoma languida",0
"48","cd2a220fc9f49e3ade95c51670f9ef0c","Eukaryota;TSAR;Alveolata;Dinoflagellata;Dinophyceae;Peridiniales;Amphidomataceae;Amphidoma;Amphidoma_languida;","Eukaryota","TSAR","Alveolata","Dinoflagellata","Dinophyceae","Peridiniales","Amphidomataceae","Amphidoma","Amphidoma languida","Dinoflagellata","Amphidoma languida","Amphidoma","languida","","Mixotroph","CM*","14.4 µm","not recorded","","+","","","","","","","","","","","","","","Stoecker (1999); Tillmann et al. (2015); Duhamel et al. (2019)",NA,NA,NA,NA,NA,NA,NA,NA,"Amphidoma languida",0
"49","5379818611c03907a22616eb1ec39e8f","Eukaryota;TSAR;Alveolata;Dinoflagellata;Dinophyceae;Peridiniales;Peridiniales_X;Sabulodinium;Sabulodinium_undulatum;","Eukaryota","TSAR","Alveolata","Dinoflagellata","Dinophyceae","Peridiniales","Peridiniales_X","Sabulodinium","Sabulodinium undulatum",NA,NA,NA,NA,NA,NA,NA,NA,NA,NA,NA,NA,NA,NA,NA,NA,NA,NA,NA,NA,NA,NA,NA,NA,NA,NA,NA,NA,NA,NA,NA,NA,NA,NA,NA
"50","8dbe6eed32dda739313fb3d677fccf73","Eukaryota;TSAR;Alveolata;Dinoflagellata;Dinophyceae;Peridiniales;Thoracosphaeraceae;Pfiesteria;Pfiesteria_piscicida;","Eukaryota","TSAR","Alveolata","Dinoflagellata","Dinophyceae","Peridiniales","Thoracosphaeraceae","Pfiesteria","Pfiesteria piscicida","Dinoflagellata","Pfiesteria piscicda","Pfiesteria","piscicda","","Mixotroph","pSNCM","13.5 µm","40 µm","","","","+","","","+","+","","+","","","","","","Steidinger et al. (1996); Lewitus et al. (1999); Feinstein et al. (2002); Stoecker & Gustafson (2002); Jeong et al. (2006); Kang et al. (2018); Jeong et al. (2021); Park et al. (2021)",NA,NA,NA,NA,NA,NA,NA,NA,"Pfiesteria piscicda",1
"51","4ea070f45b611db7ba5e1553846bf1f7","Eukaryota;TSAR;Alveolata;Dinoflagellata;Dinophyceae;Gymnodiniales;Gymnodiniaceae;Gyrodinium;Gyrodinium_fusiforme;","Eukaryota","TSAR","Alveolata","Dinoflagellata","Dinophyceae","Gymnodiniales","Gymnodiniaceae","Gyrodinium","Gyrodinium fusiforme","Dinoflagellata","Gyrodinium fusiforme","Gyrodinium","fusiforme","","Heterotroph","SH","31.1 - 39.9 µm","40 µm","","","","+","","","","","","+","","","","","","Naustvoll (2000); Takano & Horiguchi (2004); Saito et al. (2006); Sherr & Sherr (2007)",NA,NA,NA,NA,NA,NA,NA,NA,"Gyrodinium fusiforme",0
"52","89a1b4ca0cf0b64d426005ab255897cd","Eukaryota;TSAR;Alveolata;Dinoflagellata;Dinophyceae;Gonyaulacales;Gonyaulacaceae;Gonyaulax;Gonyaulax_polygramma;","Eukaryota","TSAR","Alveolata","Dinoflagellata","Dinophyceae","Gonyaulacales","Gonyaulacaceae","Gonyaulax","Gonyaulax polygramma","Dinoflagellata","Gonyaulax polygramma","Gonyaulax","polygramma","G. schuetti","Mixotroph","CM","29.5 - 39.4 µm","20 µm","","+","","","","","+","","","+","","","","","","Jacobson & Anderson (1996); Jeong et al. (2005); Lee et al. (2016)",NA,NA,NA,NA,NA,NA,NA,NA,"Gonyaulax polygramma",0
"53","b702ec8701de57839bacd773ef7c7b34","Eukaryota;TSAR;Alveolata;Dinoflagellata;Dinophyceae;Gymnodiniales;Gymnodiniaceae;Margalefidinium;Margalefidinium_polykrikoides;","Eukaryota","TSAR","Alveolata","Dinoflagellata","Dinophyceae","Gymnodiniales","Gymnodiniaceae","Margalefidinium","Margalefidinium polykrikoides","Dinoflagellata","Margalefidinium polykrikoides","Margalefidinium","polykrikoides","Cochlodinium polykrikoides","Mixotroph","CM","23 - 28.8 µm","11 µm","","+","","+","+","","+","","","+","","","","","","Jeong et al. (2004); Jeong et al. (2005)",NA,NA,NA,NA,NA,NA,NA,NA,"Margalefidinium polykrikoides",0
"54","0cf452376fab3f6ec3b6439aa1dda54d","Eukaryota;TSAR;Alveolata;Dinoflagellata;Dinophyceae;Peridiniales;Amphidomataceae;Amphidoma;Amphidoma_languida;","Eukaryota","TSAR","Alveolata","Dinoflagellata","Dinophyceae","Peridiniales","Amphidomataceae","Amphidoma","Amphidoma languida","Dinoflagellata","Amphidoma languida","Amphidoma","languida","","Mixotroph","CM*","14.4 µm","not recorded","","+","","","","","","","","","","","","","","Stoecker (1999); Tillmann et al. (2015); Duhamel et al. (2019)",NA,NA,NA,NA,NA,NA,NA,NA,"Amphidoma languida",0
"55","28d869b823cca7f33f4815a7a7be044e","Eukaryota;TSAR;Alveolata;Dinoflagellata;Dinophyceae;Gonyaulacales;Gonyaulacaceae;Gonyaulax;Gonyaulax_polygramma;","Eukaryota","TSAR","Alveolata","Dinoflagellata","Dinophyceae","Gonyaulacales","Gonyaulacaceae","Gonyaulax","Gonyaulax polygramma","Dinoflagellata","Gonyaulax polygramma","Gonyaulax","polygramma","G. schuetti","Mixotroph","CM","29.5 - 39.4 µm","20 µm","","+","","","","","+","","","+","","","","","","Jacobson & Anderson (1996); Jeong et al. (2005); Lee et al. (2016)",NA,NA,NA,NA,NA,NA,NA,NA,"Gonyaulax polygramma",0
"56","d86afdfd4916411df5b5a48523d594c6","Eukaryota;TSAR;Alveolata;Dinoflagellata;Dinophyceae;Gonyaulacales;Gonyaulacaceae;Gonyaulax;Gonyaulax_polygramma;","Eukaryota","TSAR","Alveolata","Dinoflagellata","Dinophyceae","Gonyaulacales","Gonyaulacaceae","Gonyaulax","Gonyaulax polygramma","Dinoflagellata","Gonyaulax polygramma","Gonyaulax","polygramma","G. schuetti","Mixotroph","CM","29.5 - 39.4 µm","20 µm","","+","","","","","+","","","+","","","","","","Jacobson & Anderson (1996); Jeong et al. (2005); Lee et al. (2016)",NA,NA,NA,NA,NA,NA,NA,NA,"Gonyaulax polygramma",0
"57","798e734c3fc6850924963e46928058b6","Eukaryota;TSAR;Alveolata;Dinoflagellata;Dinophyceae;Gonyaulacales;Gonyaulacaceae;Gonyaulax;Gonyaulax_polygramma;","Eukaryota","TSAR","Alveolata","Dinoflagellata","Dinophyceae","Gonyaulacales","Gonyaulacaceae","Gonyaulax","Gonyaulax polygramma","Dinoflagellata","Gonyaulax polygramma","Gonyaulax","polygramma","G. schuetti","Mixotroph","CM","29.5 - 39.4 µm","20 µm","","+","","","","","+","","","+","","","","","","Jacobson & Anderson (1996); Jeong et al. (2005); Lee et al. (2016)",NA,NA,NA,NA,NA,NA,NA,NA,"Gonyaulax polygramma",0
"58","7e5823691836e5c3558b27c722806b26","Eukaryota;TSAR;Alveolata;Dinoflagellata;Dinophyceae;Gonyaulacales;Pyrocystaceae;Alexandrium;Alexandrium_ostenfeldii;","Eukaryota","TSAR","Alveolata","Dinoflagellata","Dinophyceae","Gonyaulacales","Pyrocystaceae","Alexandrium","Alexandrium ostenfeldii","Dinoflagellata","Alexandrium ostenfeldii","Alexandrium","ostenfeldii","Alexandriun peruvianum","Mixotroph","CM","46.2 - 62.6 µm","48 µm","","","","","","","","","","+","+","","","","","Jacobson and Anderson (1996); Gribble et al. (2005); Blossom et al. (2012); Lee et al. (2016); Blossom et al. (2017); Mitra et al. (2023)",NA,NA,NA,NA,NA,NA,NA,NA,"Alexandrium ostenfeldii",0
"59","9be2101169ef817b9f1021485fa421d2","Eukaryota;TSAR;Alveolata;Dinoflagellata;Dinophyceae;Gymnodiniales;Gymnodiniales_X;Grammatodinium;Grammatodinium_tongyeonginum;","Eukaryota","TSAR","Alveolata","Dinoflagellata","Dinophyceae","Gymnodiniales","Gymnodiniales_X","Grammatodinium","Grammatodinium tongyeonginum","Dinoflagellata","Grammatodinium tongyeonginum","Grammatodinium","tongyeonginum","","Mixotroph","CM","22.7 - 35.6 µm","not recorded","+","","","","","","","","","","","","","","","Li et al. (2017)",NA,NA,NA,NA,NA,NA,NA,NA,"Grammatodinium tongyeonginum",0
"60","cd931a3e7f2e4ac70bcd6ea9e15de447","Eukaryota;TSAR;Alveolata;Dinoflagellata;Dinophyceae;Gymnodiniales;Kareniaceae;Karlodinium;Karlodinium_veneficum;","Eukaryota","TSAR","Alveolata","Dinoflagellata","Dinophyceae","Gymnodiniales","Kareniaceae","Karlodinium","Karlodinium veneficum","Dinoflagellata","Karlodinium veneficum","Karlodinium","veneficum","Karlodinium micrum, Gyrodinium galatheanum","Mixotroph","CM","10.5 - 18.7 µm","10 µm","","+","","","","","+","","","+","","","","","","Li et al. (1999); Li et al. (2000); Li et al. (2001); Adolf et al. (2003); Adolf et al. (2006); Jeong et al. (2010); Calbet et al. (2011); Wang et al. (2011); Place et al. (2012); Zhou et al. (2015); Lin et al. (2018); Ferreira et al. (2022)",NA,NA,NA,NA,NA,NA,NA,NA,"Karlodinium veneficum",0
"61","e297eeb0fb35a47eab1b921d2d62724c","Eukaryota;TSAR;Alveolata;Dinoflagellata;Dinophyceae;Gonyaulacales;Pyrocystaceae;Alexandrium;Alexandrium_affine;","Eukaryota","TSAR","Alveolata","Dinoflagellata","Dinophyceae","Gonyaulacales","Pyrocystaceae","Alexandrium","Alexandrium affine","Dinoflagellata","Alexandrium affine","Alexandrium","affine","","Autotroph","","30.1 - 31.9 µm","not recorded","","","","","","","","","","","","","","","","Lee et al. (2016); Kim et al. (2017)",NA,NA,NA,NA,NA,NA,NA,NA,"Alexandrium affine",0
"62","7f308d47243674bd0311a8cbe930882b","Eukaryota;TSAR;Alveolata;Dinoflagellata;Dinophyceae;Peridiniales;Amphidomataceae;Amphidoma;Amphidoma_languida;","Eukaryota","TSAR","Alveolata","Dinoflagellata","Dinophyceae","Peridiniales","Amphidomataceae","Amphidoma","Amphidoma languida","Dinoflagellata","Amphidoma languida","Amphidoma","languida","","Mixotroph","CM*","14.4 µm","not recorded","","+","","","","","","","","","","","","","","Stoecker (1999); Tillmann et al. (2015); Duhamel et al. (2019)",NA,NA,NA,NA,NA,NA,NA,NA,"Amphidoma languida",0
"63","b88a8fb29b86e75d8bae720f39c24f1e","Eukaryota;TSAR;Alveolata;Dinoflagellata;Dinophyceae;Gymnodiniales;Gymnodiniaceae;Gyrodinium;Gyrodinium_fusiforme;","Eukaryota","TSAR","Alveolata","Dinoflagellata","Dinophyceae","Gymnodiniales","Gymnodiniaceae","Gyrodinium","Gyrodinium fusiforme","Dinoflagellata","Gyrodinium fusiforme","Gyrodinium","fusiforme","","Heterotroph","SH","31.1 - 39.9 µm","40 µm","","","","+","","","","","","+","","","","","","Naustvoll (2000); Takano & Horiguchi (2004); Saito et al. (2006); Sherr & Sherr (2007)",NA,NA,NA,NA,NA,NA,NA,NA,"Gyrodinium fusiforme",0
"64","c17c897c97a04caf7c0a60d3acd149e3","Eukaryota;TSAR;Alveolata;Dinoflagellata;Dinophyceae;Suessiales;Suessiaceae;Pelagodinium;Pelagodinium_beii;","Eukaryota","TSAR","Alveolata","Dinoflagellata","Dinophyceae","Suessiales","Suessiaceae","Pelagodinium","Pelagodinium beii","Dinoflagellata","Pelagodinium beii","Pelagodinium","beii","","Mixotroph","CM","4.5 µm","< 2 µm","","+","","","","","","","","","","","","","","Jeong et al. (2021); Li et al. (2022)",NA,NA,NA,NA,NA,NA,NA,NA,"Pelagodinium beii",0
"65","027c285b92beac8e0d84fcc078d12ff2","Eukaryota;TSAR;Alveolata;Dinoflagellata;Dinophyceae;Gymnodiniales;Gymnodiniaceae;Akashiwo;Akashiwo_sanguinea;","Eukaryota","TSAR","Alveolata","Dinoflagellata","Dinophyceae","Gymnodiniales","Gymnodiniaceae","Akashiwo","Akashiwo sanguinea","Dinoflagellata","Akashiwo sanguinea ","Akashiwo","sanguinea","Gymnodinium sanguineum, Gymnodinium splendens","Mixotroph","CM"," 27 - 59.72 µm","28 µm","","+","","","+","","+","","","+","+","","","","","Bockstahler & Coats (1993); Jeong et al. (2005); Loder et al. (2012); Wu et al. (2021); Yang et al (2021); Mitra et al. (2023)",NA,NA,NA,NA,NA,NA,NA,NA,"Akashiwo sanguinea",0
"66","7731b5b096690188a0c1e6f5d83af5e3","Eukaryota;TSAR;Alveolata;Dinoflagellata;Dinophyceae;Gymnodiniales;Gymnodiniales_X;Grammatodinium;Grammatodinium_tongyeonginum;","Eukaryota","TSAR","Alveolata","Dinoflagellata","Dinophyceae","Gymnodiniales","Gymnodiniales_X","Grammatodinium","Grammatodinium tongyeonginum","Dinoflagellata","Grammatodinium tongyeonginum","Grammatodinium","tongyeonginum","","Mixotroph","CM","22.7 - 35.6 µm","not recorded","+","","","","","","","","","","","","","","","Li et al. (2017)",NA,NA,NA,NA,NA,NA,NA,NA,"Grammatodinium tongyeonginum",0
"67","064a1d67b94251180f64490e18e9fbe9","Eukaryota;TSAR;Alveolata;Dinoflagellata;Dinophyceae;Gymnodiniales;Kareniaceae;Karlodinium;Karlodinium_veneficum;","Eukaryota","TSAR","Alveolata","Dinoflagellata","Dinophyceae","Gymnodiniales","Kareniaceae","Karlodinium","Karlodinium veneficum","Dinoflagellata","Karlodinium veneficum","Karlodinium","veneficum","Karlodinium micrum, Gyrodinium galatheanum","Mixotroph","CM","10.5 - 18.7 µm","10 µm","","+","","","","","+","","","+","","","","","","Li et al. (1999); Li et al. (2000); Li et al. (2001); Adolf et al. (2003); Adolf et al. (2006); Jeong et al. (2010); Calbet et al. (2011); Wang et al. (2011); Place et al. (2012); Zhou et al. (2015); Lin et al. (2018); Ferreira et al. (2022)",NA,NA,NA,NA,NA,NA,NA,NA,"Karlodinium veneficum",0
"68","00193ca4d589ef2f20b26b4156441070","Eukaryota;TSAR;Alveolata;Dinoflagellata;Dinophyceae;Gonyaulacales;Pyrocystaceae;Alexandrium;Alexandrium_affine;","Eukaryota","TSAR","Alveolata","Dinoflagellata","Dinophyceae","Gonyaulacales","Pyrocystaceae","Alexandrium","Alexandrium affine","Dinoflagellata","Alexandrium affine","Alexandrium","affine","","Autotroph","","30.1 - 31.9 µm","not recorded","","","","","","","","","","","","","","","","Lee et al. (2016); Kim et al. (2017)",NA,NA,NA,NA,NA,NA,NA,NA,"Alexandrium affine",0
"69","9e814ff59f7afcac4b675f0ad9225de5","Eukaryota;TSAR;Alveolata;Dinoflagellata;Dinophyceae;Peridiniales;Blastodiniaceae;Blastodinium;Blastodinium_contortum;","Eukaryota","TSAR","Alveolata","Dinoflagellata","Dinophyceae","Peridiniales","Blastodiniaceae","Blastodinium","Blastodinium contortum",NA,NA,NA,NA,NA,NA,NA,NA,NA,NA,NA,NA,NA,NA,NA,NA,NA,NA,NA,NA,NA,NA,NA,NA,NA,NA,NA,NA,NA,NA,NA,NA,NA,NA,NA
"70","5c7f32b9a3f7e6475152a87d4789cae0","Eukaryota;TSAR;Alveolata;Dinoflagellata;Dinophyceae;Gymnodiniales;Gymnodiniaceae;Gyrodinium;Gyrodinium_fusiforme;","Eukaryota","TSAR","Alveolata","Dinoflagellata","Dinophyceae","Gymnodiniales","Gymnodiniaceae","Gyrodinium","Gyrodinium fusiforme","Dinoflagellata","Gyrodinium fusiforme","Gyrodinium","fusiforme","","Heterotroph","SH","31.1 - 39.9 µm","40 µm","","","","+","","","","","","+","","","","","","Naustvoll (2000); Takano & Horiguchi (2004); Saito et al. (2006); Sherr & Sherr (2007)",NA,NA,NA,NA,NA,NA,NA,NA,"Gyrodinium fusiforme",0
"71","68f3c16debd027467be9de9817d6b084","Eukaryota;TSAR;Alveolata;Dinoflagellata;Dinophyceae;Gymnodiniales;Gymnodiniaceae;Gymnodinium;Gymnodinium_catenatum;","Eukaryota","TSAR","Alveolata","Dinoflagellata","Dinophyceae","Gymnodiniales","Gymnodiniaceae","Gymnodinium","Gymnodinium catenatum","Dinoflagellata","Gymnodinium catenatum ","Gymnodinium","catenatum","","Mixotroph","CM","32.3 - 53.5 µm","12.1 µm","","+","","","+","","+","","","+","","","","","","Jeong et al. (2005b. Feeding by phototrophic red-tide dinoflagellates); Jeong et al. (2021); Lambert et al. (2022)",NA,NA,NA,NA,NA,NA,NA,NA,"Gymnodinium catenatum",0
"72","bcedda8539331aee96b36f9783c61c5b","Eukaryota;TSAR;Alveolata;Dinoflagellata;Dinophyceae;Peridiniales;Peridiniales_X;Sabulodinium;Sabulodinium_undulatum;","Eukaryota","TSAR","Alveolata","Dinoflagellata","Dinophyceae","Peridiniales","Peridiniales_X","Sabulodinium","Sabulodinium undulatum",NA,NA,NA,NA,NA,NA,NA,NA,NA,NA,NA,NA,NA,NA,NA,NA,NA,NA,NA,NA,NA,NA,NA,NA,NA,NA,NA,NA,NA,NA,NA,NA,NA,NA,NA
"73","85296d70938103324f51078ae1e1fe19","Eukaryota;TSAR;Alveolata;Dinoflagellata;Dinophyceae;Gonyaulacales;Gonyaulacaceae;Gonyaulax;Gonyaulax_polygramma;","Eukaryota","TSAR","Alveolata","Dinoflagellata","Dinophyceae","Gonyaulacales","Gonyaulacaceae","Gonyaulax","Gonyaulax polygramma","Dinoflagellata","Gonyaulax polygramma","Gonyaulax","polygramma","G. schuetti","Mixotroph","CM","29.5 - 39.4 µm","20 µm","","+","","","","","+","","","+","","","","","","Jacobson & Anderson (1996); Jeong et al. (2005); Lee et al. (2016)",NA,NA,NA,NA,NA,NA,NA,NA,"Gonyaulax polygramma",0
"74","3bf39d3c46a2c7f949c2641e99a2f1cf","Eukaryota;TSAR;Alveolata;Dinoflagellata;Dinophyceae;Gymnodiniales;Gymnodiniales_X;Grammatodinium;Grammatodinium_tongyeonginum;","Eukaryota","TSAR","Alveolata","Dinoflagellata","Dinophyceae","Gymnodiniales","Gymnodiniales_X","Grammatodinium","Grammatodinium tongyeonginum","Dinoflagellata","Grammatodinium tongyeonginum","Grammatodinium","tongyeonginum","","Mixotroph","CM","22.7 - 35.6 µm","not recorded","+","","","","","","","","","","","","","","","Li et al. (2017)",NA,NA,NA,NA,NA,NA,NA,NA,"Grammatodinium tongyeonginum",0
"75","5d2f64e0f3d082976a359f87448c52fc","Eukaryota;TSAR;Alveolata;Dinoflagellata;Dinophyceae;Gymnodiniales;Gymnodiniales_X;Grammatodinium;Grammatodinium_tongyeonginum;","Eukaryota","TSAR","Alveolata","Dinoflagellata","Dinophyceae","Gymnodiniales","Gymnodiniales_X","Grammatodinium","Grammatodinium tongyeonginum","Dinoflagellata","Grammatodinium tongyeonginum","Grammatodinium","tongyeonginum","","Mixotroph","CM","22.7 - 35.6 µm","not recorded","+","","","","","","","","","","","","","","","Li et al. (2017)",NA,NA,NA,NA,NA,NA,NA,NA,"Grammatodinium tongyeonginum",0
"76","da9164edc00e00c0a694f0721f2995dc","Eukaryota;TSAR;Alveolata;Dinoflagellata;Dinophyceae;Gonyaulacales;Pyrocystaceae;Alexandrium;Alexandrium_tamiyavanichii;","Eukaryota","TSAR","Alveolata","Dinoflagellata","Dinophyceae","Gonyaulacales","Pyrocystaceae","Alexandrium","Alexandrium tamiyavanichii",NA,NA,NA,NA,NA,NA,NA,NA,NA,NA,NA,NA,NA,NA,NA,NA,NA,NA,NA,NA,NA,NA,NA,NA,NA,NA,NA,NA,NA,NA,NA,NA,NA,NA,NA
"77","49c3a5e7419dab1dee86f84d3fbf8184","Eukaryota;TSAR;Alveolata;Dinoflagellata;Dinophyceae;Gymnodiniales;Gymnodiniales_X;Grammatodinium;Grammatodinium_tongyeonginum;","Eukaryota","TSAR","Alveolata","Dinoflagellata","Dinophyceae","Gymnodiniales","Gymnodiniales_X","Grammatodinium","Grammatodinium tongyeonginum","Dinoflagellata","Grammatodinium tongyeonginum","Grammatodinium","tongyeonginum","","Mixotroph","CM","22.7 - 35.6 µm","not recorded","+","","","","","","","","","","","","","","","Li et al. (2017)",NA,NA,NA,NA,NA,NA,NA,NA,"Grammatodinium tongyeonginum",0
"78","ab6c0c859ed13e29d4694d1076c168d1","Eukaryota;TSAR;Alveolata;Dinoflagellata;Dinophyceae;Gymnodiniales;Gymnodiniaceae;Gymnodinium;Gymnodinium_catenatum;","Eukaryota","TSAR","Alveolata","Dinoflagellata","Dinophyceae","Gymnodiniales","Gymnodiniaceae","Gymnodinium","Gymnodinium catenatum","Dinoflagellata","Gymnodinium catenatum ","Gymnodinium","catenatum","","Mixotroph","CM","32.3 - 53.5 µm","12.1 µm","","+","","","+","","+","","","+","","","","","","Jeong et al. (2005b. Feeding by phototrophic red-tide dinoflagellates); Jeong et al. (2021); Lambert et al. (2022)",NA,NA,NA,NA,NA,NA,NA,NA,"Gymnodinium catenatum",0
"79","591dad53a59dd87a2c53fa98a381f8bd","Eukaryota;TSAR;Alveolata;Dinoflagellata;Dinophyceae;Gymnodiniales;Gymnodiniaceae;Gyrodinium;Gyrodinium_fusiforme;","Eukaryota","TSAR","Alveolata","Dinoflagellata","Dinophyceae","Gymnodiniales","Gymnodiniaceae","Gyrodinium","Gyrodinium fusiforme","Dinoflagellata","Gyrodinium fusiforme","Gyrodinium","fusiforme","","Heterotroph","SH","31.1 - 39.9 µm","40 µm","","","","+","","","","","","+","","","","","","Naustvoll (2000); Takano & Horiguchi (2004); Saito et al. (2006); Sherr & Sherr (2007)",NA,NA,NA,NA,NA,NA,NA,NA,"Gyrodinium fusiforme",0
"80","8b3e4c7e358fe579a873eca2ce15e688","Eukaryota;TSAR;Alveolata;Dinoflagellata;Dinophyceae;Gonyaulacales;Gonyaulacaceae;Gonyaulax;Gonyaulax_polygramma;","Eukaryota","TSAR","Alveolata","Dinoflagellata","Dinophyceae","Gonyaulacales","Gonyaulacaceae","Gonyaulax","Gonyaulax polygramma","Dinoflagellata","Gonyaulax polygramma","Gonyaulax","polygramma","G. schuetti","Mixotroph","CM","29.5 - 39.4 µm","20 µm","","+","","","","","+","","","+","","","","","","Jacobson & Anderson (1996); Jeong et al. (2005); Lee et al. (2016)",NA,NA,NA,NA,NA,NA,NA,NA,"Gonyaulax polygramma",0
"81","b6a928b9f90e2dc55ac0f2ebe178094c","Eukaryota;TSAR;Alveolata;Dinoflagellata;Dinophyceae;Gonyaulacales;Pyrocystaceae;Alexandrium;Alexandrium_affine;","Eukaryota","TSAR","Alveolata","Dinoflagellata","Dinophyceae","Gonyaulacales","Pyrocystaceae","Alexandrium","Alexandrium affine","Dinoflagellata","Alexandrium affine","Alexandrium","affine","","Autotroph","","30.1 - 31.9 µm","not recorded","","","","","","","","","","","","","","","","Lee et al. (2016); Kim et al. (2017)",NA,NA,NA,NA,NA,NA,NA,NA,"Alexandrium affine",0
"82","c55c91d65b35b74ac96227d305a06c9f","Eukaryota;TSAR;Alveolata;Dinoflagellata;Dinophyceae;Gymnodiniales;Gymnodiniaceae;Margalefidinium;Margalefidinium_polykrikoides;","Eukaryota","TSAR","Alveolata","Dinoflagellata","Dinophyceae","Gymnodiniales","Gymnodiniaceae","Margalefidinium","Margalefidinium polykrikoides","Dinoflagellata","Margalefidinium polykrikoides","Margalefidinium","polykrikoides","Cochlodinium polykrikoides","Mixotroph","CM","23 - 28.8 µm","11 µm","","+","","+","+","","+","","","+","","","","","","Jeong et al. (2004); Jeong et al. (2005)",NA,NA,NA,NA,NA,NA,NA,NA,"Margalefidinium polykrikoides",0
"83","ffb0cca15f508a22a1178cd716a87629","Eukaryota;TSAR;Alveolata;Dinoflagellata;Dinophyceae;Gonyaulacales;Gonyaulacaceae;Gonyaulax;Gonyaulax_polygramma;","Eukaryota","TSAR","Alveolata","Dinoflagellata","Dinophyceae","Gonyaulacales","Gonyaulacaceae","Gonyaulax","Gonyaulax polygramma","Dinoflagellata","Gonyaulax polygramma","Gonyaulax","polygramma","G. schuetti","Mixotroph","CM","29.5 - 39.4 µm","20 µm","","+","","","","","+","","","+","","","","","","Jacobson & Anderson (1996); Jeong et al. (2005); Lee et al. (2016)",NA,NA,NA,NA,NA,NA,NA,NA,"Gonyaulax polygramma",0
"84","3c84e51440cce223b87778ca2e2514a2","Eukaryota;TSAR;Alveolata;Dinoflagellata;Syndiniales;Dino-Group-I;Dino-Group-I-Clade-4;Euduboscquella;Euduboscquella_crenulata;","Eukaryota","TSAR","Alveolata","Dinoflagellata","Syndiniales","Dino-Group-I","Dino-Group-I-Clade-4","Euduboscquella","Euduboscquella crenulata","Dinoflagellata","Euduboscquella crenulata","Euduboscquella","crenulata","","Heterotroph","PA","2-20.5 µm","200 µm","","","","","","","","","","","+","","","","","Coats et al. (2012); Jung et al. (2016)",NA,NA,NA,NA,NA,NA,NA,NA,"Euduboscquella crenulata",0
"85","c19e4b590d7b4510827d6a2e5f917f89","Eukaryota;TSAR;Alveolata;Dinoflagellata;Dinophyceae;Peridiniales;Amphidomataceae;Amphidoma;Amphidoma_languida;","Eukaryota","TSAR","Alveolata","Dinoflagellata","Dinophyceae","Peridiniales","Amphidomataceae","Amphidoma","Amphidoma languida","Dinoflagellata","Amphidoma languida","Amphidoma","languida","","Mixotroph","CM*","14.4 µm","not recorded","","+","","","","","","","","","","","","","","Stoecker (1999); Tillmann et al. (2015); Duhamel et al. (2019)",NA,NA,NA,NA,NA,NA,NA,NA,"Amphidoma languida",0
"86","3561710fd8df93141ac46c5b8e587294","Eukaryota;TSAR;Alveolata;Dinoflagellata;Dinophyceae;Prorocentrales;Prorocentraceae;Prorocentrum;Prorocentrum_donghaiense;","Eukaryota","TSAR","Alveolata","Dinoflagellata","Dinophyceae","Prorocentrales","Prorocentraceae","Prorocentrum","Prorocentrum donghaiense",NA,NA,NA,NA,NA,NA,NA,NA,NA,NA,NA,NA,NA,NA,NA,NA,NA,NA,NA,NA,NA,NA,NA,NA,NA,NA,NA,NA,NA,NA,NA,NA,NA,NA,NA
"87","1c58db76229fb3f8c6f8e44d756200bb","Eukaryota;TSAR;Alveolata;Dinoflagellata;Dinophyceae;Gymnodiniales;Gymnodiniaceae;Margalefidinium;Margalefidinium_polykrikoides;","Eukaryota","TSAR","Alveolata","Dinoflagellata","Dinophyceae","Gymnodiniales","Gymnodiniaceae","Margalefidinium","Margalefidinium polykrikoides","Dinoflagellata","Margalefidinium polykrikoides","Margalefidinium","polykrikoides","Cochlodinium polykrikoides","Mixotroph","CM","23 - 28.8 µm","11 µm","","+","","+","+","","+","","","+","","","","","","Jeong et al. (2004); Jeong et al. (2005)",NA,NA,NA,NA,NA,NA,NA,NA,"Margalefidinium polykrikoides",0
"88","c67b9ed00af49a7b4ed89ae6c86129a6","Eukaryota;TSAR;Alveolata;Dinoflagellata;Dinophyceae;Gymnodiniales;Gymnodiniaceae;Gyrodinium;Gyrodinium_fusiforme;","Eukaryota","TSAR","Alveolata","Dinoflagellata","Dinophyceae","Gymnodiniales","Gymnodiniaceae","Gyrodinium","Gyrodinium fusiforme","Dinoflagellata","Gyrodinium fusiforme","Gyrodinium","fusiforme","","Heterotroph","SH","31.1 - 39.9 µm","40 µm","","","","+","","","","","","+","","","","","","Naustvoll (2000); Takano & Horiguchi (2004); Saito et al. (2006); Sherr & Sherr (2007)",NA,NA,NA,NA,NA,NA,NA,NA,"Gyrodinium fusiforme",0
"89","d3224be0402aeb020e2ce87e872e63b0","Eukaryota;TSAR;Alveolata;Dinoflagellata;Dinophyceae;Gymnodiniales;Gymnodiniaceae;Gyrodinium;Gyrodinium_fusiforme;","Eukaryota","TSAR","Alveolata","Dinoflagellata","Dinophyceae","Gymnodiniales","Gymnodiniaceae","Gyrodinium","Gyrodinium fusiforme","Dinoflagellata","Gyrodinium fusiforme","Gyrodinium","fusiforme","","Heterotroph","SH","31.1 - 39.9 µm","40 µm","","","","+","","","","","","+","","","","","","Naustvoll (2000); Takano & Horiguchi (2004); Saito et al. (2006); Sherr & Sherr (2007)",NA,NA,NA,NA,NA,NA,NA,NA,"Gyrodinium fusiforme",0
"90","5287a88b92cf672ad0ff070411c3228f","Eukaryota;TSAR;Alveolata;Dinoflagellata;Dinophyceae;Gymnodiniales;Gymnodiniaceae;Gymnodinium;Gymnodinium_catenatum;","Eukaryota","TSAR","Alveolata","Dinoflagellata","Dinophyceae","Gymnodiniales","Gymnodiniaceae","Gymnodinium","Gymnodinium catenatum","Dinoflagellata","Gymnodinium catenatum ","Gymnodinium","catenatum","","Mixotroph","CM","32.3 - 53.5 µm","12.1 µm","","+","","","+","","+","","","+","","","","","","Jeong et al. (2005b. Feeding by phototrophic red-tide dinoflagellates); Jeong et al. (2021); Lambert et al. (2022)",NA,NA,NA,NA,NA,NA,NA,NA,"Gymnodinium catenatum",0
"91","da89f8cd4f26e4534e5a2245fcae34a0","Eukaryota;TSAR;Alveolata;Dinoflagellata;Dinophyceae;Gymnodiniales;Gymnodiniaceae;Gyrodinium;Gyrodinium_fusiforme;","Eukaryota","TSAR","Alveolata","Dinoflagellata","Dinophyceae","Gymnodiniales","Gymnodiniaceae","Gyrodinium","Gyrodinium fusiforme","Dinoflagellata","Gyrodinium fusiforme","Gyrodinium","fusiforme","","Heterotroph","SH","31.1 - 39.9 µm","40 µm","","","","+","","","","","","+","","","","","","Naustvoll (2000); Takano & Horiguchi (2004); Saito et al. (2006); Sherr & Sherr (2007)",NA,NA,NA,NA,NA,NA,NA,NA,"Gyrodinium fusiforme",0
"92","2375807754797a1b79df3d42ba7ca592","Eukaryota;TSAR;Alveolata;Dinoflagellata;Dinophyceae;Peridiniales;Thoracosphaeraceae;Pfiesteria;Pfiesteria_piscicida;","Eukaryota","TSAR","Alveolata","Dinoflagellata","Dinophyceae","Peridiniales","Thoracosphaeraceae","Pfiesteria","Pfiesteria piscicida","Dinoflagellata","Pfiesteria piscicda","Pfiesteria","piscicda","","Mixotroph","pSNCM","13.5 µm","40 µm","","","","+","","","+","+","","+","","","","","","Steidinger et al. (1996); Lewitus et al. (1999); Feinstein et al. (2002); Stoecker & Gustafson (2002); Jeong et al. (2006); Kang et al. (2018); Jeong et al. (2021); Park et al. (2021)",NA,NA,NA,NA,NA,NA,NA,NA,"Pfiesteria piscicda",1
"93","aa4e9311a1d9a58c165af16c71f6433d","Eukaryota;TSAR;Alveolata;Dinoflagellata;Dinophyceae;Gonyaulacales;Pyrocystaceae;Alexandrium;Alexandrium_tamiyavanichii;","Eukaryota","TSAR","Alveolata","Dinoflagellata","Dinophyceae","Gonyaulacales","Pyrocystaceae","Alexandrium","Alexandrium tamiyavanichii",NA,NA,NA,NA,NA,NA,NA,NA,NA,NA,NA,NA,NA,NA,NA,NA,NA,NA,NA,NA,NA,NA,NA,NA,NA,NA,NA,NA,NA,NA,NA,NA,NA,NA,NA
"94","b536c5c1faeb1a4ca14bbe3e5a5cc6c0","Eukaryota;TSAR;Alveolata;Dinoflagellata;Dinophyceae;Peridiniales;Amphidomataceae;Amphidoma;Amphidoma_languida;","Eukaryota","TSAR","Alveolata","Dinoflagellata","Dinophyceae","Peridiniales","Amphidomataceae","Amphidoma","Amphidoma languida","Dinoflagellata","Amphidoma languida","Amphidoma","languida","","Mixotroph","CM*","14.4 µm","not recorded","","+","","","","","","","","","","","","","","Stoecker (1999); Tillmann et al. (2015); Duhamel et al. (2019)",NA,NA,NA,NA,NA,NA,NA,NA,"Amphidoma languida",0
"95","c55ca361df533f543bd0a9e644fe77a7","Eukaryota;TSAR;Alveolata;Dinoflagellata;Dinophyceae;Gymnodiniales;Gymnodiniaceae;Gyrodinium;Gyrodinium_fusiforme;","Eukaryota","TSAR","Alveolata","Dinoflagellata","Dinophyceae","Gymnodiniales","Gymnodiniaceae","Gyrodinium","Gyrodinium fusiforme","Dinoflagellata","Gyrodinium fusiforme","Gyrodinium","fusiforme","","Heterotroph","SH","31.1 - 39.9 µm","40 µm","","","","+","","","","","","+","","","","","","Naustvoll (2000); Takano & Horiguchi (2004); Saito et al. (2006); Sherr & Sherr (2007)",NA,NA,NA,NA,NA,NA,NA,NA,"Gyrodinium fusiforme",0
"96","6d6f956424762a204bc38a4491ff0996","Eukaryota;TSAR;Alveolata;Dinoflagellata;Dinophyceae;Gymnodiniales;Kareniaceae;Karlodinium;Karlodinium_veneficum;","Eukaryota","TSAR","Alveolata","Dinoflagellata","Dinophyceae","Gymnodiniales","Kareniaceae","Karlodinium","Karlodinium veneficum","Dinoflagellata","Karlodinium veneficum","Karlodinium","veneficum","Karlodinium micrum, Gyrodinium galatheanum","Mixotroph","CM","10.5 - 18.7 µm","10 µm","","+","","","","","+","","","+","","","","","","Li et al. (1999); Li et al. (2000); Li et al. (2001); Adolf et al. (2003); Adolf et al. (2006); Jeong et al. (2010); Calbet et al. (2011); Wang et al. (2011); Place et al. (2012); Zhou et al. (2015); Lin et al. (2018); Ferreira et al. (2022)",NA,NA,NA,NA,NA,NA,NA,NA,"Karlodinium veneficum",0
"97","46c620041c33ba102e9902e96e38f616","Eukaryota;TSAR;Alveolata;Dinoflagellata;Dinophyceae;Gymnodiniales;Gymnodiniaceae;Margalefidinium;Margalefidinium_polykrikoides;","Eukaryota","TSAR","Alveolata","Dinoflagellata","Dinophyceae","Gymnodiniales","Gymnodiniaceae","Margalefidinium","Margalefidinium polykrikoides","Dinoflagellata","Margalefidinium polykrikoides","Margalefidinium","polykrikoides","Cochlodinium polykrikoides","Mixotroph","CM","23 - 28.8 µm","11 µm","","+","","+","+","","+","","","+","","","","","","Jeong et al. (2004); Jeong et al. (2005)",NA,NA,NA,NA,NA,NA,NA,NA,"Margalefidinium polykrikoides",0
"98","f3e893689ead6961c8d84805faaa8fe3","Eukaryota;TSAR;Alveolata;Dinoflagellata;Dinophyceae;Gymnodiniales;Gymnodiniaceae;Gyrodinium;Gyrodinium_fusiforme;","Eukaryota","TSAR","Alveolata","Dinoflagellata","Dinophyceae","Gymnodiniales","Gymnodiniaceae","Gyrodinium","Gyrodinium fusiforme","Dinoflagellata","Gyrodinium fusiforme","Gyrodinium","fusiforme","","Heterotroph","SH","31.1 - 39.9 µm","40 µm","","","","+","","","","","","+","","","","","","Naustvoll (2000); Takano & Horiguchi (2004); Saito et al. (2006); Sherr & Sherr (2007)",NA,NA,NA,NA,NA,NA,NA,NA,"Gyrodinium fusiforme",0
"99","10c61d7fc0d72643392d7ddb118cd38d","Eukaryota;TSAR;Alveolata;Dinoflagellata;Dinophyceae;Gymnodiniales;Gymnodiniales_X;Levanderina;Levanderina_fissa;","Eukaryota","TSAR","Alveolata","Dinoflagellata","Dinophyceae","Gymnodiniales","Gymnodiniales_X","Levanderina","Levanderina fissa","Dinoflagellata","Levanderina fissa","Levanderina","fissa","Gyrodinium instriatum","Mixotroph","CM","47.9 µm","50 µm (L)","","","","","","","","","","","+","","","","","Biecheler (1952); Bockstahler & Coats (1993); Uchida et al. (1997); Moestrup et al. (2014)",NA,NA,NA,NA,NA,NA,NA,NA,"Levanderina fissa",0
"100","52bd6a2c48d7f3b3bd6cfbd0c2d6c754","Eukaryota;TSAR;Alveolata;Dinoflagellata;Dinophyceae;Suessiales;Suessiaceae;Pelagodinium;Pelagodinium_beii;","Eukaryota","TSAR","Alveolata","Dinoflagellata","Dinophyceae","Suessiales","Suessiaceae","Pelagodinium","Pelagodinium beii","Dinoflagellata","Pelagodinium beii","Pelagodinium","beii","","Mixotroph","CM","4.5 µm","< 2 µm","","+","","","","","","","","","","","","","","Jeong et al. (2021); Li et al. (2022)",NA,NA,NA,NA,NA,NA,NA,NA,"Pelagodinium beii",0
"101","0a768a6545dd644bb616087606a5decf","Eukaryota;TSAR;Alveolata;Dinoflagellata;Dinophyceae;Gymnodiniales;Gymnodiniaceae;Gyrodinium;Gyrodinium_fusiforme;","Eukaryota","TSAR","Alveolata","Dinoflagellata","Dinophyceae","Gymnodiniales","Gymnodiniaceae","Gyrodinium","Gyrodinium fusiforme","Dinoflagellata","Gyrodinium fusiforme","Gyrodinium","fusiforme","","Heterotroph","SH","31.1 - 39.9 µm","40 µm","","","","+","","","","","","+","","","","","","Naustvoll (2000); Takano & Horiguchi (2004); Saito et al. (2006); Sherr & Sherr (2007)",NA,NA,NA,NA,NA,NA,NA,NA,"Gyrodinium fusiforme",0
"102","1df239d619b374e314ac4cd091c463ee","Eukaryota;TSAR;Alveolata;Dinoflagellata;Dinophyceae;Gymnodiniales;Gymnodiniales_X;Grammatodinium;Grammatodinium_tongyeonginum;","Eukaryota","TSAR","Alveolata","Dinoflagellata","Dinophyceae","Gymnodiniales","Gymnodiniales_X","Grammatodinium","Grammatodinium tongyeonginum","Dinoflagellata","Grammatodinium tongyeonginum","Grammatodinium","tongyeonginum","","Mixotroph","CM","22.7 - 35.6 µm","not recorded","+","","","","","","","","","","","","","","","Li et al. (2017)",NA,NA,NA,NA,NA,NA,NA,NA,"Grammatodinium tongyeonginum",0
"103","c4dc68037b4860a3b7972f59fe01adb2","Eukaryota;TSAR;Alveolata;Dinoflagellata;Dinophyceae;Gymnodiniales;Gymnodiniaceae;Gyrodinium;Gyrodinium_fusiforme;","Eukaryota","TSAR","Alveolata","Dinoflagellata","Dinophyceae","Gymnodiniales","Gymnodiniaceae","Gyrodinium","Gyrodinium fusiforme","Dinoflagellata","Gyrodinium fusiforme","Gyrodinium","fusiforme","","Heterotroph","SH","31.1 - 39.9 µm","40 µm","","","","+","","","","","","+","","","","","","Naustvoll (2000); Takano & Horiguchi (2004); Saito et al. (2006); Sherr & Sherr (2007)",NA,NA,NA,NA,NA,NA,NA,NA,"Gyrodinium fusiforme",0
"104","8d98d60ded1ec963e2f652ee08ac6468","Eukaryota;TSAR;Alveolata;Dinoflagellata;Dinophyceae;Gymnodiniales;Gymnodiniaceae;Margalefidinium;Margalefidinium_polykrikoides;","Eukaryota","TSAR","Alveolata","Dinoflagellata","Dinophyceae","Gymnodiniales","Gymnodiniaceae","Margalefidinium","Margalefidinium polykrikoides","Dinoflagellata","Margalefidinium polykrikoides","Margalefidinium","polykrikoides","Cochlodinium polykrikoides","Mixotroph","CM","23 - 28.8 µm","11 µm","","+","","+","+","","+","","","+","","","","","","Jeong et al. (2004); Jeong et al. (2005)",NA,NA,NA,NA,NA,NA,NA,NA,"Margalefidinium polykrikoides",0
"105","badd2a94fc75cfea170ca6064cafcaab","Eukaryota;TSAR;Alveolata;Dinoflagellata;Dinophyceae;Peridiniales;Heterocapsaceae;Heterocapsa;Heterocapsa_nei/rotundata;","Eukaryota","TSAR","Alveolata","Dinoflagellata","Dinophyceae","Peridiniales","Heterocapsaceae","Heterocapsa","Heterocapsa nei/rotundata","Dinoflagellata","Heterocapsa nei/rotundata","Heterocapsa","nei/rotundata","","Mixotroph","CM","5.4 - 6.2 µm"," < 5 µm","","+","","+","","","","","","","","","","","","Jeong et al. (2005); Yoo et al. (2009); Jeong et al. (2010); Blossom et al. (2017); Millette et al. (2017); Lee et al. (2019)",NA,NA,NA,NA,NA,NA,NA,NA,"Heterocapsa nei/rotundata",0
"106","b654074c9459d85b483c85b378952202","Eukaryota;TSAR;Alveolata;Dinoflagellata;Dinophyceae;Gymnodiniales;Gymnodiniales_X;Grammatodinium;Grammatodinium_tongyeonginum;","Eukaryota","TSAR","Alveolata","Dinoflagellata","Dinophyceae","Gymnodiniales","Gymnodiniales_X","Grammatodinium","Grammatodinium tongyeonginum","Dinoflagellata","Grammatodinium tongyeonginum","Grammatodinium","tongyeonginum","","Mixotroph","CM","22.7 - 35.6 µm","not recorded","+","","","","","","","","","","","","","","","Li et al. (2017)",NA,NA,NA,NA,NA,NA,NA,NA,"Grammatodinium tongyeonginum",0
"107","145eb55bbb8ff7af7bf7ae5f7d9e403c","Eukaryota;TSAR;Alveolata;Dinoflagellata;Dinophyceae;Prorocentrales;Prorocentraceae;Prorocentrum;Prorocentrum_donghaiense;","Eukaryota","TSAR","Alveolata","Dinoflagellata","Dinophyceae","Prorocentrales","Prorocentraceae","Prorocentrum","Prorocentrum donghaiense",NA,NA,NA,NA,NA,NA,NA,NA,NA,NA,NA,NA,NA,NA,NA,NA,NA,NA,NA,NA,NA,NA,NA,NA,NA,NA,NA,NA,NA,NA,NA,NA,NA,NA,NA
"108","7ede2584effd49145f55c7605f2ec1a6","Eukaryota;TSAR;Alveolata;Dinoflagellata;Dinophyceae;Gymnodiniales;Gymnodiniaceae;Gyrodinium;Gyrodinium_fusiforme;","Eukaryota","TSAR","Alveolata","Dinoflagellata","Dinophyceae","Gymnodiniales","Gymnodiniaceae","Gyrodinium","Gyrodinium fusiforme","Dinoflagellata","Gyrodinium fusiforme","Gyrodinium","fusiforme","","Heterotroph","SH","31.1 - 39.9 µm","40 µm","","","","+","","","","","","+","","","","","","Naustvoll (2000); Takano & Horiguchi (2004); Saito et al. (2006); Sherr & Sherr (2007)",NA,NA,NA,NA,NA,NA,NA,NA,"Gyrodinium fusiforme",0
"109","c286a110e5e65d0034c20d7f547baf0c","Eukaryota;TSAR;Alveolata;Dinoflagellata;Dinophyceae;Gymnodiniales;Gymnodiniaceae;Margalefidinium;Margalefidinium_polykrikoides;","Eukaryota","TSAR","Alveolata","Dinoflagellata","Dinophyceae","Gymnodiniales","Gymnodiniaceae","Margalefidinium","Margalefidinium polykrikoides","Dinoflagellata","Margalefidinium polykrikoides","Margalefidinium","polykrikoides","Cochlodinium polykrikoides","Mixotroph","CM","23 - 28.8 µm","11 µm","","+","","+","+","","+","","","+","","","","","","Jeong et al. (2004); Jeong et al. (2005)",NA,NA,NA,NA,NA,NA,NA,NA,"Margalefidinium polykrikoides",0
"110","8520b580b41a36c6e8db2c64c840f7c2","Eukaryota;TSAR;Alveolata;Dinoflagellata;Dinophyceae;Gonyaulacales;Gonyaulacaceae;Gonyaulax;Gonyaulax_polygramma;","Eukaryota","TSAR","Alveolata","Dinoflagellata","Dinophyceae","Gonyaulacales","Gonyaulacaceae","Gonyaulax","Gonyaulax polygramma","Dinoflagellata","Gonyaulax polygramma","Gonyaulax","polygramma","G. schuetti","Mixotroph","CM","29.5 - 39.4 µm","20 µm","","+","","","","","+","","","+","","","","","","Jacobson & Anderson (1996); Jeong et al. (2005); Lee et al. (2016)",NA,NA,NA,NA,NA,NA,NA,NA,"Gonyaulax polygramma",0
"111","82c0559bf6a8297b57d132a71f696261","Eukaryota;TSAR;Alveolata;Dinoflagellata;Dinophyceae;Gymnodiniales;Kareniaceae;Karlodinium;Karlodinium_veneficum;","Eukaryota","TSAR","Alveolata","Dinoflagellata","Dinophyceae","Gymnodiniales","Kareniaceae","Karlodinium","Karlodinium veneficum","Dinoflagellata","Karlodinium veneficum","Karlodinium","veneficum","Karlodinium micrum, Gyrodinium galatheanum","Mixotroph","CM","10.5 - 18.7 µm","10 µm","","+","","","","","+","","","+","","","","","","Li et al. (1999); Li et al. (2000); Li et al. (2001); Adolf et al. (2003); Adolf et al. (2006); Jeong et al. (2010); Calbet et al. (2011); Wang et al. (2011); Place et al. (2012); Zhou et al. (2015); Lin et al. (2018); Ferreira et al. (2022)",NA,NA,NA,NA,NA,NA,NA,NA,"Karlodinium veneficum",0
"112","4e252ce98fd1c3ce68ecdc8253ec75ab","Eukaryota;TSAR;Alveolata;Dinoflagellata;Dinophyceae;Gymnodiniales;Gymnodiniales_X;Levanderina;Levanderina_fissa;","Eukaryota","TSAR","Alveolata","Dinoflagellata","Dinophyceae","Gymnodiniales","Gymnodiniales_X","Levanderina","Levanderina fissa","Dinoflagellata","Levanderina fissa","Levanderina","fissa","Gyrodinium instriatum","Mixotroph","CM","47.9 µm","50 µm (L)","","","","","","","","","","","+","","","","","Biecheler (1952); Bockstahler & Coats (1993); Uchida et al. (1997); Moestrup et al. (2014)",NA,NA,NA,NA,NA,NA,NA,NA,"Levanderina fissa",0
"113","d8a0685a5352ad079d616147d6c2ca17","Eukaryota;TSAR;Alveolata;Dinoflagellata;Dinophyceae;Gonyaulacales;Gonyaulacaceae;Gonyaulax;Gonyaulax_polygramma;","Eukaryota","TSAR","Alveolata","Dinoflagellata","Dinophyceae","Gonyaulacales","Gonyaulacaceae","Gonyaulax","Gonyaulax polygramma","Dinoflagellata","Gonyaulax polygramma","Gonyaulax","polygramma","G. schuetti","Mixotroph","CM","29.5 - 39.4 µm","20 µm","","+","","","","","+","","","+","","","","","","Jacobson & Anderson (1996); Jeong et al. (2005); Lee et al. (2016)",NA,NA,NA,NA,NA,NA,NA,NA,"Gonyaulax polygramma",0
"114","fe3cf832488f61ac43bf610d786b4d44","Eukaryota;TSAR;Alveolata;Dinoflagellata;Syndiniales;Dino-Group-I;Dino-Group-I-Clade-3;Ichthyodinium;Ichthyodinium_chabelardi;","Eukaryota","TSAR","Alveolata","Dinoflagellata","Syndiniales","Dino-Group-I","Dino-Group-I-Clade-3","Ichthyodinium","Ichthyodinium chabelardi",NA,NA,NA,NA,NA,NA,NA,NA,NA,NA,NA,NA,NA,NA,NA,NA,NA,NA,NA,NA,NA,NA,NA,NA,NA,NA,NA,NA,NA,NA,NA,NA,NA,NA,NA
"115","c9c67604bb4436249b692e6a4f4dac9b","Eukaryota;TSAR;Alveolata;Dinoflagellata;Dinophyceae;Gymnodiniales;Gymnodiniales_X;Grammatodinium;Grammatodinium_tongyeonginum;","Eukaryota","TSAR","Alveolata","Dinoflagellata","Dinophyceae","Gymnodiniales","Gymnodiniales_X","Grammatodinium","Grammatodinium tongyeonginum","Dinoflagellata","Grammatodinium tongyeonginum","Grammatodinium","tongyeonginum","","Mixotroph","CM","22.7 - 35.6 µm","not recorded","+","","","","","","","","","","","","","","","Li et al. (2017)",NA,NA,NA,NA,NA,NA,NA,NA,"Grammatodinium tongyeonginum",0
"116","a16971a9f90fc93a602e22e57ae7ba9c","Eukaryota;TSAR;Alveolata;Dinoflagellata;Dinophyceae;Gonyaulacales;Protoceratiaceae;Schuettiella;Schuettiella_mitra;","Eukaryota","TSAR","Alveolata","Dinoflagellata","Dinophyceae","Gonyaulacales","Protoceratiaceae","Schuettiella","Schuettiella mitra",NA,NA,NA,NA,NA,NA,NA,NA,NA,NA,NA,NA,NA,NA,NA,NA,NA,NA,NA,NA,NA,NA,NA,NA,NA,NA,NA,NA,NA,NA,NA,NA,NA,NA,NA
"117","68d08e8b0a584568bd38530d48c0650f","Eukaryota;TSAR;Alveolata;Dinoflagellata;Dinophyceae;Gymnodiniales;Kareniaceae;Karlodinium;Karlodinium_veneficum;","Eukaryota","TSAR","Alveolata","Dinoflagellata","Dinophyceae","Gymnodiniales","Kareniaceae","Karlodinium","Karlodinium veneficum","Dinoflagellata","Karlodinium veneficum","Karlodinium","veneficum","Karlodinium micrum, Gyrodinium galatheanum","Mixotroph","CM","10.5 - 18.7 µm","10 µm","","+","","","","","+","","","+","","","","","","Li et al. (1999); Li et al. (2000); Li et al. (2001); Adolf et al. (2003); Adolf et al. (2006); Jeong et al. (2010); Calbet et al. (2011); Wang et al. (2011); Place et al. (2012); Zhou et al. (2015); Lin et al. (2018); Ferreira et al. (2022)",NA,NA,NA,NA,NA,NA,NA,NA,"Karlodinium veneficum",0
"118","e67109f9d16195b987199c2a586f266c","Eukaryota;TSAR;Alveolata;Dinoflagellata;Dinophyceae;Gonyaulacales;Lingulodiniaceae;Lingulodinium;Lingulodinium_polyedra;","Eukaryota","TSAR","Alveolata","Dinoflagellata","Dinophyceae","Gonyaulacales","Lingulodiniaceae","Lingulodinium","Lingulodinium polyedra","Dinoflagellata","Lingulodinium polyedrum","Lingulodinium","polyedrum","L. polyedra","Mixotroph","CM","34.6 - 42.2 µm","28.1 µm","","+","","+","","","","","","+","","","","","","Jeong et al. (2005a); Jeong et al. (2005b); Yoo et al. (2009); Lee et al. (2016); Jeong et al. (2021)",NA,NA,NA,NA,NA,NA,NA,NA,"Lingulodinium polyedrum",2
"119","383b8313ddc617c43688c2564980fd0c","Eukaryota;TSAR;Alveolata;Dinoflagellata;Dinophyceae;Gymnodiniales;Kareniaceae;Karlodinium;Karlodinium_veneficum;","Eukaryota","TSAR","Alveolata","Dinoflagellata","Dinophyceae","Gymnodiniales","Kareniaceae","Karlodinium","Karlodinium veneficum","Dinoflagellata","Karlodinium veneficum","Karlodinium","veneficum","Karlodinium micrum, Gyrodinium galatheanum","Mixotroph","CM","10.5 - 18.7 µm","10 µm","","+","","","","","+","","","+","","","","","","Li et al. (1999); Li et al. (2000); Li et al. (2001); Adolf et al. (2003); Adolf et al. (2006); Jeong et al. (2010); Calbet et al. (2011); Wang et al. (2011); Place et al. (2012); Zhou et al. (2015); Lin et al. (2018); Ferreira et al. (2022)",NA,NA,NA,NA,NA,NA,NA,NA,"Karlodinium veneficum",0
"120","931300efdbc0c1590b994fcafd538608","Eukaryota;TSAR;Alveolata;Dinoflagellata;Dinophyceae;Gymnodiniales;Gymnodiniaceae;Gyrodinium;Gyrodinium_fusiforme;","Eukaryota","TSAR","Alveolata","Dinoflagellata","Dinophyceae","Gymnodiniales","Gymnodiniaceae","Gyrodinium","Gyrodinium fusiforme","Dinoflagellata","Gyrodinium fusiforme","Gyrodinium","fusiforme","","Heterotroph","SH","31.1 - 39.9 µm","40 µm","","","","+","","","","","","+","","","","","","Naustvoll (2000); Takano & Horiguchi (2004); Saito et al. (2006); Sherr & Sherr (2007)",NA,NA,NA,NA,NA,NA,NA,NA,"Gyrodinium fusiforme",0
"121","aeac7d874bf63fbc4c307fb095c0ceac","Eukaryota;TSAR;Alveolata;Dinoflagellata;Dinophyceae;Gymnodiniales;Gymnodiniales_X;Levanderina;Levanderina_fissa;","Eukaryota","TSAR","Alveolata","Dinoflagellata","Dinophyceae","Gymnodiniales","Gymnodiniales_X","Levanderina","Levanderina fissa","Dinoflagellata","Levanderina fissa","Levanderina","fissa","Gyrodinium instriatum","Mixotroph","CM","47.9 µm","50 µm (L)","","","","","","","","","","","+","","","","","Biecheler (1952); Bockstahler & Coats (1993); Uchida et al. (1997); Moestrup et al. (2014)",NA,NA,NA,NA,NA,NA,NA,NA,"Levanderina fissa",0
"122","35cdea799a94e32de50d6e842362f0c4","Eukaryota;TSAR;Alveolata;Dinoflagellata;Dinophyceae;Gonyaulacales;Pyrocystaceae;Alexandrium;Alexandrium_tamiyavanichii;","Eukaryota","TSAR","Alveolata","Dinoflagellata","Dinophyceae","Gonyaulacales","Pyrocystaceae","Alexandrium","Alexandrium tamiyavanichii",NA,NA,NA,NA,NA,NA,NA,NA,NA,NA,NA,NA,NA,NA,NA,NA,NA,NA,NA,NA,NA,NA,NA,NA,NA,NA,NA,NA,NA,NA,NA,NA,NA,NA,NA
"123","8eb3d222489ad44cbb1ebfb78482b04a","Eukaryota;TSAR;Alveolata;Dinoflagellata;Dinophyceae;Peridiniales;Amphidomataceae;Amphidoma;Amphidoma_languida;","Eukaryota","TSAR","Alveolata","Dinoflagellata","Dinophyceae","Peridiniales","Amphidomataceae","Amphidoma","Amphidoma languida","Dinoflagellata","Amphidoma languida","Amphidoma","languida","","Mixotroph","CM*","14.4 µm","not recorded","","+","","","","","","","","","","","","","","Stoecker (1999); Tillmann et al. (2015); Duhamel et al. (2019)",NA,NA,NA,NA,NA,NA,NA,NA,"Amphidoma languida",0
"124","b474a2a59de0e7672acea19231f0761f","Eukaryota;TSAR;Alveolata;Dinoflagellata;Dinophyceae;Gymnodiniales;Gymnodiniaceae;Gymnodinium;Gymnodinium_catenatum;","Eukaryota","TSAR","Alveolata","Dinoflagellata","Dinophyceae","Gymnodiniales","Gymnodiniaceae","Gymnodinium","Gymnodinium catenatum","Dinoflagellata","Gymnodinium catenatum ","Gymnodinium","catenatum","","Mixotroph","CM","32.3 - 53.5 µm","12.1 µm","","+","","","+","","+","","","+","","","","","","Jeong et al. (2005b. Feeding by phototrophic red-tide dinoflagellates); Jeong et al. (2021); Lambert et al. (2022)",NA,NA,NA,NA,NA,NA,NA,NA,"Gymnodinium catenatum",0
"125","b0089754dcbee3ff55a246d86d42123a","Eukaryota;TSAR;Alveolata;Dinoflagellata;Dinophyceae;Gymnodiniales;Gymnodiniales_X;Grammatodinium;Grammatodinium_tongyeonginum;","Eukaryota","TSAR","Alveolata","Dinoflagellata","Dinophyceae","Gymnodiniales","Gymnodiniales_X","Grammatodinium","Grammatodinium tongyeonginum","Dinoflagellata","Grammatodinium tongyeonginum","Grammatodinium","tongyeonginum","","Mixotroph","CM","22.7 - 35.6 µm","not recorded","+","","","","","","","","","","","","","","","Li et al. (2017)",NA,NA,NA,NA,NA,NA,NA,NA,"Grammatodinium tongyeonginum",0
"126","38e85b6dca51905ce856403f4396eb0c","Eukaryota;TSAR;Alveolata;Dinoflagellata;Dinophyceae;Gonyaulacales;Lingulodiniaceae;Lingulodinium;Lingulodinium_polyedra;","Eukaryota","TSAR","Alveolata","Dinoflagellata","Dinophyceae","Gonyaulacales","Lingulodiniaceae","Lingulodinium","Lingulodinium polyedra","Dinoflagellata","Lingulodinium polyedrum","Lingulodinium","polyedrum","L. polyedra","Mixotroph","CM","34.6 - 42.2 µm","28.1 µm","","+","","+","","","","","","+","","","","","","Jeong et al. (2005a); Jeong et al. (2005b); Yoo et al. (2009); Lee et al. (2016); Jeong et al. (2021)",NA,NA,NA,NA,NA,NA,NA,NA,"Lingulodinium polyedrum",2
"127","c9a834e6166aa5e3f6df3bc31aa10aaf","Eukaryota;TSAR;Alveolata;Dinoflagellata;Dinophyceae;Gymnodiniales;Gymnodiniaceae;Gyrodinium;Gyrodinium_fusiforme;","Eukaryota","TSAR","Alveolata","Dinoflagellata","Dinophyceae","Gymnodiniales","Gymnodiniaceae","Gyrodinium","Gyrodinium fusiforme","Dinoflagellata","Gyrodinium fusiforme","Gyrodinium","fusiforme","","Heterotroph","SH","31.1 - 39.9 µm","40 µm","","","","+","","","","","","+","","","","","","Naustvoll (2000); Takano & Horiguchi (2004); Saito et al. (2006); Sherr & Sherr (2007)",NA,NA,NA,NA,NA,NA,NA,NA,"Gyrodinium fusiforme",0
"128","146c0b22e08c1bbffa55e275d905e752","Eukaryota;TSAR;Alveolata;Dinoflagellata;Dinophyceae;Peridiniales;Blastodiniaceae;Blastodinium;Blastodinium_contortum;","Eukaryota","TSAR","Alveolata","Dinoflagellata","Dinophyceae","Peridiniales","Blastodiniaceae","Blastodinium","Blastodinium contortum",NA,NA,NA,NA,NA,NA,NA,NA,NA,NA,NA,NA,NA,NA,NA,NA,NA,NA,NA,NA,NA,NA,NA,NA,NA,NA,NA,NA,NA,NA,NA,NA,NA,NA,NA
"129","fd8b89d29eae35331b75d8a982c837a1","Eukaryota;TSAR;Alveolata;Dinoflagellata;Dinophyceae;Gymnodiniales;Kareniaceae;Karlodinium;Karlodinium_veneficum;","Eukaryota","TSAR","Alveolata","Dinoflagellata","Dinophyceae","Gymnodiniales","Kareniaceae","Karlodinium","Karlodinium veneficum","Dinoflagellata","Karlodinium veneficum","Karlodinium","veneficum","Karlodinium micrum, Gyrodinium galatheanum","Mixotroph","CM","10.5 - 18.7 µm","10 µm","","+","","","","","+","","","+","","","","","","Li et al. (1999); Li et al. (2000); Li et al. (2001); Adolf et al. (2003); Adolf et al. (2006); Jeong et al. (2010); Calbet et al. (2011); Wang et al. (2011); Place et al. (2012); Zhou et al. (2015); Lin et al. (2018); Ferreira et al. (2022)",NA,NA,NA,NA,NA,NA,NA,NA,"Karlodinium veneficum",0
"130","b530803df5fc9ca4ccbb0f1682ecddd0","Eukaryota;TSAR;Alveolata;Dinoflagellata;Syndiniales;Dino-Group-I;Dino-Group-I-Clade-3;Ichthyodinium;Ichthyodinium_chabelardi;","Eukaryota","TSAR","Alveolata","Dinoflagellata","Syndiniales","Dino-Group-I","Dino-Group-I-Clade-3","Ichthyodinium","Ichthyodinium chabelardi",NA,NA,NA,NA,NA,NA,NA,NA,NA,NA,NA,NA,NA,NA,NA,NA,NA,NA,NA,NA,NA,NA,NA,NA,NA,NA,NA,NA,NA,NA,NA,NA,NA,NA,NA
"131","6d935017ea5d1920a06124b098229286","Eukaryota;TSAR;Alveolata;Dinoflagellata;Dinophyceae;Gymnodiniales;Gymnodiniaceae;Gyrodinium;Gyrodinium_fusiforme;","Eukaryota","TSAR","Alveolata","Dinoflagellata","Dinophyceae","Gymnodiniales","Gymnodiniaceae","Gyrodinium","Gyrodinium fusiforme","Dinoflagellata","Gyrodinium fusiforme","Gyrodinium","fusiforme","","Heterotroph","SH","31.1 - 39.9 µm","40 µm","","","","+","","","","","","+","","","","","","Naustvoll (2000); Takano & Horiguchi (2004); Saito et al. (2006); Sherr & Sherr (2007)",NA,NA,NA,NA,NA,NA,NA,NA,"Gyrodinium fusiforme",0
"132","803e017487a662ed2d1474d1ffc49954","Eukaryota;TSAR;Alveolata;Dinoflagellata;Dinophyceae;Gonyaulacales;Pyrocystaceae;Alexandrium;Alexandrium_affine;","Eukaryota","TSAR","Alveolata","Dinoflagellata","Dinophyceae","Gonyaulacales","Pyrocystaceae","Alexandrium","Alexandrium affine","Dinoflagellata","Alexandrium affine","Alexandrium","affine","","Autotroph","","30.1 - 31.9 µm","not recorded","","","","","","","","","","","","","","","","Lee et al. (2016); Kim et al. (2017)",NA,NA,NA,NA,NA,NA,NA,NA,"Alexandrium affine",0
"133","524af22c1fc9dc2cb760e362a95bfafa","Eukaryota;TSAR;Alveolata;Dinoflagellata;Dinophyceae;Gymnodiniales;Gymnodiniales_X;Grammatodinium;Grammatodinium_tongyeonginum;","Eukaryota","TSAR","Alveolata","Dinoflagellata","Dinophyceae","Gymnodiniales","Gymnodiniales_X","Grammatodinium","Grammatodinium tongyeonginum","Dinoflagellata","Grammatodinium tongyeonginum","Grammatodinium","tongyeonginum","","Mixotroph","CM","22.7 - 35.6 µm","not recorded","+","","","","","","","","","","","","","","","Li et al. (2017)",NA,NA,NA,NA,NA,NA,NA,NA,"Grammatodinium tongyeonginum",0
"134","9b4a27655120ac5e0c2c764786506fdb","Eukaryota;TSAR;Alveolata;Dinoflagellata;Dinophyceae;Gymnodiniales;Gymnodiniaceae;Margalefidinium;Margalefidinium_polykrikoides;","Eukaryota","TSAR","Alveolata","Dinoflagellata","Dinophyceae","Gymnodiniales","Gymnodiniaceae","Margalefidinium","Margalefidinium polykrikoides","Dinoflagellata","Margalefidinium polykrikoides","Margalefidinium","polykrikoides","Cochlodinium polykrikoides","Mixotroph","CM","23 - 28.8 µm","11 µm","","+","","+","+","","+","","","+","","","","","","Jeong et al. (2004); Jeong et al. (2005)",NA,NA,NA,NA,NA,NA,NA,NA,"Margalefidinium polykrikoides",0
"135","8115d4b4376b24d361bfd97b65212930","Eukaryota;TSAR;Alveolata;Dinoflagellata;Noctilucophyceae;Noctilucales;Noctilucaceae;Noctiluca;Noctiluca_scintillans;","Eukaryota","TSAR","Alveolata","Dinoflagellata","Noctilucophyceae","Noctilucales","Noctilucaceae","Noctiluca","Noctiluca scintillans","Dinoflagellata","Noctiluca scintillans","Noctiluca","scintillans","","Mixotroph","eSNCM","500–1,000 μm","not recorded","","+","+","+","+","+","+","","","+","+","","+","","","Sekiguchi & Kato (1976); Buskey (1995); Kirchner et al. (1996); Elbrächter & Qi (1998); Nakamura (1998); Quevedo et al. (1999); Rodríguez et al. (2005); Escalera et al. (2007); Gomez et al. (2010); Frangópulos et al. (2011); Almeda et al. (2014); Zhang et al. (2015); Stauffer et al. (2017); Hallegraeff et al. (2019); Jeong et al. (2021); Nishitani et al. (2020)",NA,NA,NA,NA,NA,NA,NA,NA,"Noctiluca scintillans",0
"136","59cdcb906777e39a29aa1113fdcda886","Eukaryota;TSAR;Alveolata;Dinoflagellata;Dinophyceae;Gymnodiniales;Gymnodiniaceae;Margalefidinium;Margalefidinium_polykrikoides;","Eukaryota","TSAR","Alveolata","Dinoflagellata","Dinophyceae","Gymnodiniales","Gymnodiniaceae","Margalefidinium","Margalefidinium polykrikoides","Dinoflagellata","Margalefidinium polykrikoides","Margalefidinium","polykrikoides","Cochlodinium polykrikoides","Mixotroph","CM","23 - 28.8 µm","11 µm","","+","","+","+","","+","","","+","","","","","","Jeong et al. (2004); Jeong et al. (2005)",NA,NA,NA,NA,NA,NA,NA,NA,"Margalefidinium polykrikoides",0
"137","e59ade79dec581ae11835f57a87482f8","Eukaryota;TSAR;Alveolata;Dinoflagellata;Dinophyceae;Gymnodiniales;Gymnodiniaceae;Gyrodinium;Gyrodinium_fusiforme;","Eukaryota","TSAR","Alveolata","Dinoflagellata","Dinophyceae","Gymnodiniales","Gymnodiniaceae","Gyrodinium","Gyrodinium fusiforme","Dinoflagellata","Gyrodinium fusiforme","Gyrodinium","fusiforme","","Heterotroph","SH","31.1 - 39.9 µm","40 µm","","","","+","","","","","","+","","","","","","Naustvoll (2000); Takano & Horiguchi (2004); Saito et al. (2006); Sherr & Sherr (2007)",NA,NA,NA,NA,NA,NA,NA,NA,"Gyrodinium fusiforme",0
"138","f119e57d93b8e357a9d1aa0c977a876c","Eukaryota;TSAR;Alveolata;Dinoflagellata;Dinophyceae;Gymnodiniales;Gymnodiniaceae;Gyrodinium;Gyrodinium_fusiforme;","Eukaryota","TSAR","Alveolata","Dinoflagellata","Dinophyceae","Gymnodiniales","Gymnodiniaceae","Gyrodinium","Gyrodinium fusiforme","Dinoflagellata","Gyrodinium fusiforme","Gyrodinium","fusiforme","","Heterotroph","SH","31.1 - 39.9 µm","40 µm","","","","+","","","","","","+","","","","","","Naustvoll (2000); Takano & Horiguchi (2004); Saito et al. (2006); Sherr & Sherr (2007)",NA,NA,NA,NA,NA,NA,NA,NA,"Gyrodinium fusiforme",0
"139","81aa01153210555b3a7a1440559bae2a","Eukaryota;TSAR;Alveolata;Dinoflagellata;Dinophyceae;Gymnodiniales;Kareniaceae;Karlodinium;Karlodinium_veneficum;","Eukaryota","TSAR","Alveolata","Dinoflagellata","Dinophyceae","Gymnodiniales","Kareniaceae","Karlodinium","Karlodinium veneficum","Dinoflagellata","Karlodinium veneficum","Karlodinium","veneficum","Karlodinium micrum, Gyrodinium galatheanum","Mixotroph","CM","10.5 - 18.7 µm","10 µm","","+","","","","","+","","","+","","","","","","Li et al. (1999); Li et al. (2000); Li et al. (2001); Adolf et al. (2003); Adolf et al. (2006); Jeong et al. (2010); Calbet et al. (2011); Wang et al. (2011); Place et al. (2012); Zhou et al. (2015); Lin et al. (2018); Ferreira et al. (2022)",NA,NA,NA,NA,NA,NA,NA,NA,"Karlodinium veneficum",0
"140","149eb25d533bbf659ff489727dbbe651","Eukaryota;TSAR;Alveolata;Dinoflagellata;Dinophyceae;Gymnodiniales;Gymnodiniaceae;Gymnodinium;Gymnodinium_catenatum;","Eukaryota","TSAR","Alveolata","Dinoflagellata","Dinophyceae","Gymnodiniales","Gymnodiniaceae","Gymnodinium","Gymnodinium catenatum","Dinoflagellata","Gymnodinium catenatum ","Gymnodinium","catenatum","","Mixotroph","CM","32.3 - 53.5 µm","12.1 µm","","+","","","+","","+","","","+","","","","","","Jeong et al. (2005b. Feeding by phototrophic red-tide dinoflagellates); Jeong et al. (2021); Lambert et al. (2022)",NA,NA,NA,NA,NA,NA,NA,NA,"Gymnodinium catenatum",0
"141","51ba0df6b706898698cf30d9f7f094bf","Eukaryota;TSAR;Alveolata;Dinoflagellata;Dinophyceae;Gymnodiniales;Gymnodiniaceae;Gyrodinium;Gyrodinium_fusiforme;","Eukaryota","TSAR","Alveolata","Dinoflagellata","Dinophyceae","Gymnodiniales","Gymnodiniaceae","Gyrodinium","Gyrodinium fusiforme","Dinoflagellata","Gyrodinium fusiforme","Gyrodinium","fusiforme","","Heterotroph","SH","31.1 - 39.9 µm","40 µm","","","","+","","","","","","+","","","","","","Naustvoll (2000); Takano & Horiguchi (2004); Saito et al. (2006); Sherr & Sherr (2007)",NA,NA,NA,NA,NA,NA,NA,NA,"Gyrodinium fusiforme",0
"142","83eafc47cad732fdab8c4d4f8e2a3f6c","Eukaryota;TSAR;Alveolata;Dinoflagellata;Dinophyceae;Gymnodiniales;Kareniaceae;Karlodinium;Karlodinium_veneficum;","Eukaryota","TSAR","Alveolata","Dinoflagellata","Dinophyceae","Gymnodiniales","Kareniaceae","Karlodinium","Karlodinium veneficum","Dinoflagellata","Karlodinium veneficum","Karlodinium","veneficum","Karlodinium micrum, Gyrodinium galatheanum","Mixotroph","CM","10.5 - 18.7 µm","10 µm","","+","","","","","+","","","+","","","","","","Li et al. (1999); Li et al. (2000); Li et al. (2001); Adolf et al. (2003); Adolf et al. (2006); Jeong et al. (2010); Calbet et al. (2011); Wang et al. (2011); Place et al. (2012); Zhou et al. (2015); Lin et al. (2018); Ferreira et al. (2022)",NA,NA,NA,NA,NA,NA,NA,NA,"Karlodinium veneficum",0
"143","fc6abe38aa42e2d92760b9f2af76472e","Eukaryota;TSAR;Alveolata;Dinoflagellata;Dinophyceae;Prorocentrales;Prorocentraceae;Prorocentrum;Prorocentrum_donghaiense;","Eukaryota","TSAR","Alveolata","Dinoflagellata","Dinophyceae","Prorocentrales","Prorocentraceae","Prorocentrum","Prorocentrum donghaiense",NA,NA,NA,NA,NA,NA,NA,NA,NA,NA,NA,NA,NA,NA,NA,NA,NA,NA,NA,NA,NA,NA,NA,NA,NA,NA,NA,NA,NA,NA,NA,NA,NA,NA,NA
"144","46a9894b669141b58f500f3ab560cbcb","Eukaryota;TSAR;Alveolata;Dinoflagellata;Dinophyceae;Gonyaulacales;Protoceratiaceae;Schuettiella;Schuettiella_mitra;","Eukaryota","TSAR","Alveolata","Dinoflagellata","Dinophyceae","Gonyaulacales","Protoceratiaceae","Schuettiella","Schuettiella mitra",NA,NA,NA,NA,NA,NA,NA,NA,NA,NA,NA,NA,NA,NA,NA,NA,NA,NA,NA,NA,NA,NA,NA,NA,NA,NA,NA,NA,NA,NA,NA,NA,NA,NA,NA
"145","36a91d44fd8f5a9a99d8fe6a5dbde671","Eukaryota;TSAR;Alveolata;Dinoflagellata;Dinophyceae;Gonyaulacales;Gonyaulacaceae;Gonyaulax;Gonyaulax_cochlea;","Eukaryota","TSAR","Alveolata","Dinoflagellata","Dinophyceae","Gonyaulacales","Gonyaulacaceae","Gonyaulax","Gonyaulax cochlea",NA,NA,NA,NA,NA,NA,NA,NA,NA,NA,NA,NA,NA,NA,NA,NA,NA,NA,NA,NA,NA,NA,NA,NA,NA,NA,NA,NA,NA,NA,NA,NA,NA,NA,NA
"146","945387d99a24de22ca5c40c506bb0281","Eukaryota;TSAR;Alveolata;Dinoflagellata;Dinophyceae;Gonyaulacales;Gonyaulacaceae;Gonyaulax;Gonyaulax_polygramma;","Eukaryota","TSAR","Alveolata","Dinoflagellata","Dinophyceae","Gonyaulacales","Gonyaulacaceae","Gonyaulax","Gonyaulax polygramma","Dinoflagellata","Gonyaulax polygramma","Gonyaulax","polygramma","G. schuetti","Mixotroph","CM","29.5 - 39.4 µm","20 µm","","+","","","","","+","","","+","","","","","","Jacobson & Anderson (1996); Jeong et al. (2005); Lee et al. (2016)",NA,NA,NA,NA,NA,NA,NA,NA,"Gonyaulax polygramma",0
"147","86e49f33a0786232aed5fba5e6843c4a","Eukaryota;TSAR;Alveolata;Dinoflagellata;Dinophyceae;Peridiniales;Amphidomataceae;Amphidoma;Amphidoma_languida;","Eukaryota","TSAR","Alveolata","Dinoflagellata","Dinophyceae","Peridiniales","Amphidomataceae","Amphidoma","Amphidoma languida","Dinoflagellata","Amphidoma languida","Amphidoma","languida","","Mixotroph","CM*","14.4 µm","not recorded","","+","","","","","","","","","","","","","","Stoecker (1999); Tillmann et al. (2015); Duhamel et al. (2019)",NA,NA,NA,NA,NA,NA,NA,NA,"Amphidoma languida",0
"148","cd10cc4ca1a30795c9ba5f52c5f53551","Eukaryota;TSAR;Alveolata;Dinoflagellata;Dinophyceae;Gymnodiniales;Gymnodiniaceae;Gyrodinium;Gyrodinium_fusiforme;","Eukaryota","TSAR","Alveolata","Dinoflagellata","Dinophyceae","Gymnodiniales","Gymnodiniaceae","Gyrodinium","Gyrodinium fusiforme","Dinoflagellata","Gyrodinium fusiforme","Gyrodinium","fusiforme","","Heterotroph","SH","31.1 - 39.9 µm","40 µm","","","","+","","","","","","+","","","","","","Naustvoll (2000); Takano & Horiguchi (2004); Saito et al. (2006); Sherr & Sherr (2007)",NA,NA,NA,NA,NA,NA,NA,NA,"Gyrodinium fusiforme",0
"149","41c789b7ab592215a762a9b3e08da636","Eukaryota;TSAR;Alveolata;Dinoflagellata;Dinophyceae;Gymnodiniales;Gymnodiniaceae;Gyrodinium;Gyrodinium_fusiforme;","Eukaryota","TSAR","Alveolata","Dinoflagellata","Dinophyceae","Gymnodiniales","Gymnodiniaceae","Gyrodinium","Gyrodinium fusiforme","Dinoflagellata","Gyrodinium fusiforme","Gyrodinium","fusiforme","","Heterotroph","SH","31.1 - 39.9 µm","40 µm","","","","+","","","","","","+","","","","","","Naustvoll (2000); Takano & Horiguchi (2004); Saito et al. (2006); Sherr & Sherr (2007)",NA,NA,NA,NA,NA,NA,NA,NA,"Gyrodinium fusiforme",0
"150","1a566efde55687cfcb23d1ef287a8a5e","Eukaryota;TSAR;Alveolata;Dinoflagellata;Dinophyceae;Gymnodiniales;Gymnodiniaceae;Gyrodinium;Gyrodinium_fusiforme;","Eukaryota","TSAR","Alveolata","Dinoflagellata","Dinophyceae","Gymnodiniales","Gymnodiniaceae","Gyrodinium","Gyrodinium fusiforme","Dinoflagellata","Gyrodinium fusiforme","Gyrodinium","fusiforme","","Heterotroph","SH","31.1 - 39.9 µm","40 µm","","","","+","","","","","","+","","","","","","Naustvoll (2000); Takano & Horiguchi (2004); Saito et al. (2006); Sherr & Sherr (2007)",NA,NA,NA,NA,NA,NA,NA,NA,"Gyrodinium fusiforme",0
"151","43dd0da4a8c3d504e63f76d90093f0f4","Eukaryota;TSAR;Alveolata;Dinoflagellata;Dinophyceae;Gymnodiniales;Gymnodiniaceae;Gyrodinium;Gyrodinium_fusiforme;","Eukaryota","TSAR","Alveolata","Dinoflagellata","Dinophyceae","Gymnodiniales","Gymnodiniaceae","Gyrodinium","Gyrodinium fusiforme","Dinoflagellata","Gyrodinium fusiforme","Gyrodinium","fusiforme","","Heterotroph","SH","31.1 - 39.9 µm","40 µm","","","","+","","","","","","+","","","","","","Naustvoll (2000); Takano & Horiguchi (2004); Saito et al. (2006); Sherr & Sherr (2007)",NA,NA,NA,NA,NA,NA,NA,NA,"Gyrodinium fusiforme",0
"152","d8a7198184645d10038ac842a40914b8","Eukaryota;TSAR;Alveolata;Dinoflagellata;Dinophyceae;Gymnodiniales;Gymnodiniaceae;Gyrodinium;Gyrodinium_fusiforme;","Eukaryota","TSAR","Alveolata","Dinoflagellata","Dinophyceae","Gymnodiniales","Gymnodiniaceae","Gyrodinium","Gyrodinium fusiforme","Dinoflagellata","Gyrodinium fusiforme","Gyrodinium","fusiforme","","Heterotroph","SH","31.1 - 39.9 µm","40 µm","","","","+","","","","","","+","","","","","","Naustvoll (2000); Takano & Horiguchi (2004); Saito et al. (2006); Sherr & Sherr (2007)",NA,NA,NA,NA,NA,NA,NA,NA,"Gyrodinium fusiforme",0
"153","b4f426eb8546e4f4d9192edf6a4c66f5","Eukaryota;TSAR;Alveolata;Dinoflagellata;Dinophyceae;Gymnodiniales;Gymnodiniaceae;Margalefidinium;Margalefidinium_polykrikoides;","Eukaryota","TSAR","Alveolata","Dinoflagellata","Dinophyceae","Gymnodiniales","Gymnodiniaceae","Margalefidinium","Margalefidinium polykrikoides","Dinoflagellata","Margalefidinium polykrikoides","Margalefidinium","polykrikoides","Cochlodinium polykrikoides","Mixotroph","CM","23 - 28.8 µm","11 µm","","+","","+","+","","+","","","+","","","","","","Jeong et al. (2004); Jeong et al. (2005)",NA,NA,NA,NA,NA,NA,NA,NA,"Margalefidinium polykrikoides",0
"154","8e2a69aef82a29ee817058df99603580","Eukaryota;TSAR;Alveolata;Dinoflagellata;Dinophyceae;Gymnodiniales;Gymnodiniaceae;Gyrodinium;Gyrodinium_fusiforme;","Eukaryota","TSAR","Alveolata","Dinoflagellata","Dinophyceae","Gymnodiniales","Gymnodiniaceae","Gyrodinium","Gyrodinium fusiforme","Dinoflagellata","Gyrodinium fusiforme","Gyrodinium","fusiforme","","Heterotroph","SH","31.1 - 39.9 µm","40 µm","","","","+","","","","","","+","","","","","","Naustvoll (2000); Takano & Horiguchi (2004); Saito et al. (2006); Sherr & Sherr (2007)",NA,NA,NA,NA,NA,NA,NA,NA,"Gyrodinium fusiforme",0
"155","9d7a4823043d1a689229e667c4d68cf9","Eukaryota;TSAR;Alveolata;Dinoflagellata;Dinophyceae;Gymnodiniales;Gymnodiniaceae;Gyrodinium;Gyrodinium_fusiforme;","Eukaryota","TSAR","Alveolata","Dinoflagellata","Dinophyceae","Gymnodiniales","Gymnodiniaceae","Gyrodinium","Gyrodinium fusiforme","Dinoflagellata","Gyrodinium fusiforme","Gyrodinium","fusiforme","","Heterotroph","SH","31.1 - 39.9 µm","40 µm","","","","+","","","","","","+","","","","","","Naustvoll (2000); Takano & Horiguchi (2004); Saito et al. (2006); Sherr & Sherr (2007)",NA,NA,NA,NA,NA,NA,NA,NA,"Gyrodinium fusiforme",0
"156","9b7078e7c69ced2eea5627ef7d78ee7c","Eukaryota;TSAR;Alveolata;Dinoflagellata;Dinophyceae;Gymnodiniales;Gymnodiniaceae;Margalefidinium;Margalefidinium_polykrikoides;","Eukaryota","TSAR","Alveolata","Dinoflagellata","Dinophyceae","Gymnodiniales","Gymnodiniaceae","Margalefidinium","Margalefidinium polykrikoides","Dinoflagellata","Margalefidinium polykrikoides","Margalefidinium","polykrikoides","Cochlodinium polykrikoides","Mixotroph","CM","23 - 28.8 µm","11 µm","","+","","+","+","","+","","","+","","","","","","Jeong et al. (2004); Jeong et al. (2005)",NA,NA,NA,NA,NA,NA,NA,NA,"Margalefidinium polykrikoides",0
"157","9d8b88454b3dfb33a5d16f6f38c50828","Eukaryota;TSAR;Alveolata;Dinoflagellata;Syndiniales;Dino-Group-I;Dino-Group-I-Clade-3;Ichthyodinium;Ichthyodinium_chabelardi;","Eukaryota","TSAR","Alveolata","Dinoflagellata","Syndiniales","Dino-Group-I","Dino-Group-I-Clade-3","Ichthyodinium","Ichthyodinium chabelardi",NA,NA,NA,NA,NA,NA,NA,NA,NA,NA,NA,NA,NA,NA,NA,NA,NA,NA,NA,NA,NA,NA,NA,NA,NA,NA,NA,NA,NA,NA,NA,NA,NA,NA,NA
"158","c051a34faeee29ee2181486fe4669d41","Eukaryota;TSAR;Alveolata;Dinoflagellata;Dinophyceae;Gymnodiniales;Gymnodiniaceae;Gyrodinium;Gyrodinium_fusiforme;","Eukaryota","TSAR","Alveolata","Dinoflagellata","Dinophyceae","Gymnodiniales","Gymnodiniaceae","Gyrodinium","Gyrodinium fusiforme","Dinoflagellata","Gyrodinium fusiforme","Gyrodinium","fusiforme","","Heterotroph","SH","31.1 - 39.9 µm","40 µm","","","","+","","","","","","+","","","","","","Naustvoll (2000); Takano & Horiguchi (2004); Saito et al. (2006); Sherr & Sherr (2007)",NA,NA,NA,NA,NA,NA,NA,NA,"Gyrodinium fusiforme",0
"159","35bea8fe6a6e95e4d4a2353c70da5ca1","Eukaryota;TSAR;Alveolata;Dinoflagellata;Dinophyceae;Gonyaulacales;Gonyaulacaceae;Gonyaulax;Gonyaulax_polygramma;","Eukaryota","TSAR","Alveolata","Dinoflagellata","Dinophyceae","Gonyaulacales","Gonyaulacaceae","Gonyaulax","Gonyaulax polygramma","Dinoflagellata","Gonyaulax polygramma","Gonyaulax","polygramma","G. schuetti","Mixotroph","CM","29.5 - 39.4 µm","20 µm","","+","","","","","+","","","+","","","","","","Jacobson & Anderson (1996); Jeong et al. (2005); Lee et al. (2016)",NA,NA,NA,NA,NA,NA,NA,NA,"Gonyaulax polygramma",0
"160","297a47e52fb8c80f494c6fee07710572","Eukaryota;TSAR;Alveolata;Dinoflagellata;Dinophyceae;Peridiniales;Amphidomataceae;Amphidoma;Amphidoma_languida;","Eukaryota","TSAR","Alveolata","Dinoflagellata","Dinophyceae","Peridiniales","Amphidomataceae","Amphidoma","Amphidoma languida","Dinoflagellata","Amphidoma languida","Amphidoma","languida","","Mixotroph","CM*","14.4 µm","not recorded","","+","","","","","","","","","","","","","","Stoecker (1999); Tillmann et al. (2015); Duhamel et al. (2019)",NA,NA,NA,NA,NA,NA,NA,NA,"Amphidoma languida",0
"161","7fce009529acdbb2c56570c07548d538","Eukaryota;TSAR;Alveolata;Dinoflagellata;Dinophyceae;Gymnodiniales;Kareniaceae;Karlodinium;Karlodinium_veneficum;","Eukaryota","TSAR","Alveolata","Dinoflagellata","Dinophyceae","Gymnodiniales","Kareniaceae","Karlodinium","Karlodinium veneficum","Dinoflagellata","Karlodinium veneficum","Karlodinium","veneficum","Karlodinium micrum, Gyrodinium galatheanum","Mixotroph","CM","10.5 - 18.7 µm","10 µm","","+","","","","","+","","","+","","","","","","Li et al. (1999); Li et al. (2000); Li et al. (2001); Adolf et al. (2003); Adolf et al. (2006); Jeong et al. (2010); Calbet et al. (2011); Wang et al. (2011); Place et al. (2012); Zhou et al. (2015); Lin et al. (2018); Ferreira et al. (2022)",NA,NA,NA,NA,NA,NA,NA,NA,"Karlodinium veneficum",0
"162","01bf23acb99751a0590d93b75ce33093","Eukaryota;TSAR;Alveolata;Dinoflagellata;Dinophyceae;Gymnodiniales;Gymnodiniaceae;Gyrodinium;Gyrodinium_fusiforme;","Eukaryota","TSAR","Alveolata","Dinoflagellata","Dinophyceae","Gymnodiniales","Gymnodiniaceae","Gyrodinium","Gyrodinium fusiforme","Dinoflagellata","Gyrodinium fusiforme","Gyrodinium","fusiforme","","Heterotroph","SH","31.1 - 39.9 µm","40 µm","","","","+","","","","","","+","","","","","","Naustvoll (2000); Takano & Horiguchi (2004); Saito et al. (2006); Sherr & Sherr (2007)",NA,NA,NA,NA,NA,NA,NA,NA,"Gyrodinium fusiforme",0
"163","3bd791e2a55b478c4f060aec7fb34866","Eukaryota;TSAR;Alveolata;Dinoflagellata;Dinophyceae;Gonyaulacales;Protoceratiaceae;Schuettiella;Schuettiella_mitra;","Eukaryota","TSAR","Alveolata","Dinoflagellata","Dinophyceae","Gonyaulacales","Protoceratiaceae","Schuettiella","Schuettiella mitra",NA,NA,NA,NA,NA,NA,NA,NA,NA,NA,NA,NA,NA,NA,NA,NA,NA,NA,NA,NA,NA,NA,NA,NA,NA,NA,NA,NA,NA,NA,NA,NA,NA,NA,NA
"164","9b535e8a23e696f3ba00fac616cdbb86","Eukaryota;TSAR;Alveolata;Dinoflagellata;Dinophyceae;Gonyaulacales;Gonyaulacaceae;Gonyaulax;Gonyaulax_polygramma;","Eukaryota","TSAR","Alveolata","Dinoflagellata","Dinophyceae","Gonyaulacales","Gonyaulacaceae","Gonyaulax","Gonyaulax polygramma","Dinoflagellata","Gonyaulax polygramma","Gonyaulax","polygramma","G. schuetti","Mixotroph","CM","29.5 - 39.4 µm","20 µm","","+","","","","","+","","","+","","","","","","Jacobson & Anderson (1996); Jeong et al. (2005); Lee et al. (2016)",NA,NA,NA,NA,NA,NA,NA,NA,"Gonyaulax polygramma",0
"165","81a1658f333e11690c6d3d3f7018987c","Eukaryota;TSAR;Alveolata;Dinoflagellata;Dinophyceae;Gymnodiniales;Gymnodiniaceae;Gyrodinium;Gyrodinium_fusiforme;","Eukaryota","TSAR","Alveolata","Dinoflagellata","Dinophyceae","Gymnodiniales","Gymnodiniaceae","Gyrodinium","Gyrodinium fusiforme","Dinoflagellata","Gyrodinium fusiforme","Gyrodinium","fusiforme","","Heterotroph","SH","31.1 - 39.9 µm","40 µm","","","","+","","","","","","+","","","","","","Naustvoll (2000); Takano & Horiguchi (2004); Saito et al. (2006); Sherr & Sherr (2007)",NA,NA,NA,NA,NA,NA,NA,NA,"Gyrodinium fusiforme",0
"166","5bf15e933e94c763811baed7d34f8f2f","Eukaryota;TSAR;Alveolata;Dinoflagellata;Dinophyceae;Peridiniales;Thoracosphaeraceae;Pfiesteria;Pfiesteria_piscicida;","Eukaryota","TSAR","Alveolata","Dinoflagellata","Dinophyceae","Peridiniales","Thoracosphaeraceae","Pfiesteria","Pfiesteria piscicida","Dinoflagellata","Pfiesteria piscicda","Pfiesteria","piscicda","","Mixotroph","pSNCM","13.5 µm","40 µm","","","","+","","","+","+","","+","","","","","","Steidinger et al. (1996); Lewitus et al. (1999); Feinstein et al. (2002); Stoecker & Gustafson (2002); Jeong et al. (2006); Kang et al. (2018); Jeong et al. (2021); Park et al. (2021)",NA,NA,NA,NA,NA,NA,NA,NA,"Pfiesteria piscicda",1
"167","ebfe689b4d77b141e3fe9f42ca48368d","Eukaryota;TSAR;Alveolata;Dinoflagellata;Dinophyceae;Gymnodiniales;Gymnodiniaceae;Gyrodinium;Gyrodinium_fusiforme;","Eukaryota","TSAR","Alveolata","Dinoflagellata","Dinophyceae","Gymnodiniales","Gymnodiniaceae","Gyrodinium","Gyrodinium fusiforme","Dinoflagellata","Gyrodinium fusiforme","Gyrodinium","fusiforme","","Heterotroph","SH","31.1 - 39.9 µm","40 µm","","","","+","","","","","","+","","","","","","Naustvoll (2000); Takano & Horiguchi (2004); Saito et al. (2006); Sherr & Sherr (2007)",NA,NA,NA,NA,NA,NA,NA,NA,"Gyrodinium fusiforme",0
"168","0924b55d7e51152e5e363cf8baeba249","Eukaryota;TSAR;Alveolata;Dinoflagellata;Dinophyceae;Gymnodiniales;Gymnodiniaceae;Gyrodinium;Gyrodinium_fusiforme;","Eukaryota","TSAR","Alveolata","Dinoflagellata","Dinophyceae","Gymnodiniales","Gymnodiniaceae","Gyrodinium","Gyrodinium fusiforme","Dinoflagellata","Gyrodinium fusiforme","Gyrodinium","fusiforme","","Heterotroph","SH","31.1 - 39.9 µm","40 µm","","","","+","","","","","","+","","","","","","Naustvoll (2000); Takano & Horiguchi (2004); Saito et al. (2006); Sherr & Sherr (2007)",NA,NA,NA,NA,NA,NA,NA,NA,"Gyrodinium fusiforme",0
"169","2caad6ec6db40bea347cc350e7f65334","Eukaryota;TSAR;Alveolata;Dinoflagellata;Dinophyceae;Gonyaulacales;Gonyaulacaceae;Gonyaulax;Gonyaulax_polygramma;","Eukaryota","TSAR","Alveolata","Dinoflagellata","Dinophyceae","Gonyaulacales","Gonyaulacaceae","Gonyaulax","Gonyaulax polygramma","Dinoflagellata","Gonyaulax polygramma","Gonyaulax","polygramma","G. schuetti","Mixotroph","CM","29.5 - 39.4 µm","20 µm","","+","","","","","+","","","+","","","","","","Jacobson & Anderson (1996); Jeong et al. (2005); Lee et al. (2016)",NA,NA,NA,NA,NA,NA,NA,NA,"Gonyaulax polygramma",0
"170","908b949d174151525dbb437f1ce7bc71","Eukaryota;TSAR;Alveolata;Dinoflagellata;Dinophyceae;Gymnodiniales;Gymnodiniales_X;Grammatodinium;Grammatodinium_tongyeonginum;","Eukaryota","TSAR","Alveolata","Dinoflagellata","Dinophyceae","Gymnodiniales","Gymnodiniales_X","Grammatodinium","Grammatodinium tongyeonginum","Dinoflagellata","Grammatodinium tongyeonginum","Grammatodinium","tongyeonginum","","Mixotroph","CM","22.7 - 35.6 µm","not recorded","+","","","","","","","","","","","","","","","Li et al. (2017)",NA,NA,NA,NA,NA,NA,NA,NA,"Grammatodinium tongyeonginum",0
"171","925f085ada4574751b9ea0913ebf46b3","Eukaryota;TSAR;Alveolata;Dinoflagellata;Dinophyceae;Gymnodiniales;Gymnodiniaceae;Akashiwo;Akashiwo_sanguinea;","Eukaryota","TSAR","Alveolata","Dinoflagellata","Dinophyceae","Gymnodiniales","Gymnodiniaceae","Akashiwo","Akashiwo sanguinea","Dinoflagellata","Akashiwo sanguinea ","Akashiwo","sanguinea","Gymnodinium sanguineum, Gymnodinium splendens","Mixotroph","CM"," 27 - 59.72 µm","28 µm","","+","","","+","","+","","","+","+","","","","","Bockstahler & Coats (1993); Jeong et al. (2005); Loder et al. (2012); Wu et al. (2021); Yang et al (2021); Mitra et al. (2023)",NA,NA,NA,NA,NA,NA,NA,NA,"Akashiwo sanguinea",0
"172","2c94f52d6c4792ed81ebbc811d0fb05c","Eukaryota;TSAR;Alveolata;Dinoflagellata;Dinophyceae;Gonyaulacales;Gonyaulacaceae;Gonyaulax;Gonyaulax_polygramma;","Eukaryota","TSAR","Alveolata","Dinoflagellata","Dinophyceae","Gonyaulacales","Gonyaulacaceae","Gonyaulax","Gonyaulax polygramma","Dinoflagellata","Gonyaulax polygramma","Gonyaulax","polygramma","G. schuetti","Mixotroph","CM","29.5 - 39.4 µm","20 µm","","+","","","","","+","","","+","","","","","","Jacobson & Anderson (1996); Jeong et al. (2005); Lee et al. (2016)",NA,NA,NA,NA,NA,NA,NA,NA,"Gonyaulax polygramma",0
"173","61f5baa121aa795fe00baa0ce7c702c4","Eukaryota;TSAR;Alveolata;Dinoflagellata;Dinophyceae;Gonyaulacales;Protoceratiaceae;Schuettiella;Schuettiella_mitra;","Eukaryota","TSAR","Alveolata","Dinoflagellata","Dinophyceae","Gonyaulacales","Protoceratiaceae","Schuettiella","Schuettiella mitra",NA,NA,NA,NA,NA,NA,NA,NA,NA,NA,NA,NA,NA,NA,NA,NA,NA,NA,NA,NA,NA,NA,NA,NA,NA,NA,NA,NA,NA,NA,NA,NA,NA,NA,NA
"174","85bbde757956fc0610b746b3872b82d8","Eukaryota;TSAR;Alveolata;Dinoflagellata;Dinophyceae;Gymnodiniales;Gymnodiniaceae;Gyrodinium;Gyrodinium_fusiforme;","Eukaryota","TSAR","Alveolata","Dinoflagellata","Dinophyceae","Gymnodiniales","Gymnodiniaceae","Gyrodinium","Gyrodinium fusiforme","Dinoflagellata","Gyrodinium fusiforme","Gyrodinium","fusiforme","","Heterotroph","SH","31.1 - 39.9 µm","40 µm","","","","+","","","","","","+","","","","","","Naustvoll (2000); Takano & Horiguchi (2004); Saito et al. (2006); Sherr & Sherr (2007)",NA,NA,NA,NA,NA,NA,NA,NA,"Gyrodinium fusiforme",0
"175","afe488febf603f59d295052dd913595f","Eukaryota;TSAR;Alveolata;Dinoflagellata;Dinophyceae;Gymnodiniales;Gymnodiniaceae;Gyrodinium;Gyrodinium_fusiforme;","Eukaryota","TSAR","Alveolata","Dinoflagellata","Dinophyceae","Gymnodiniales","Gymnodiniaceae","Gyrodinium","Gyrodinium fusiforme","Dinoflagellata","Gyrodinium fusiforme","Gyrodinium","fusiforme","","Heterotroph","SH","31.1 - 39.9 µm","40 µm","","","","+","","","","","","+","","","","","","Naustvoll (2000); Takano & Horiguchi (2004); Saito et al. (2006); Sherr & Sherr (2007)",NA,NA,NA,NA,NA,NA,NA,NA,"Gyrodinium fusiforme",0
"176","9b6271a9bb71ac50372f76e6dce251c4","Eukaryota;TSAR;Alveolata;Dinoflagellata;Dinophyceae;Gonyaulacales;Lingulodiniaceae;Lingulodinium;Lingulodinium_polyedra;","Eukaryota","TSAR","Alveolata","Dinoflagellata","Dinophyceae","Gonyaulacales","Lingulodiniaceae","Lingulodinium","Lingulodinium polyedra","Dinoflagellata","Lingulodinium polyedrum","Lingulodinium","polyedrum","L. polyedra","Mixotroph","CM","34.6 - 42.2 µm","28.1 µm","","+","","+","","","","","","+","","","","","","Jeong et al. (2005a); Jeong et al. (2005b); Yoo et al. (2009); Lee et al. (2016); Jeong et al. (2021)",NA,NA,NA,NA,NA,NA,NA,NA,"Lingulodinium polyedrum",2
"177","345431dcc6e7a94c5bf764f7b8b835f8","Eukaryota;TSAR;Alveolata;Dinoflagellata;Dinophyceae;Peridiniales;Peridiniales_X;Brandtodinium;Brandtodinium_nutricula;","Eukaryota","TSAR","Alveolata","Dinoflagellata","Dinophyceae","Peridiniales","Peridiniales_X","Brandtodinium","Brandtodinium nutricula",NA,NA,NA,NA,NA,NA,NA,NA,NA,NA,NA,NA,NA,NA,NA,NA,NA,NA,NA,NA,NA,NA,NA,NA,NA,NA,NA,NA,NA,NA,NA,NA,NA,NA,NA
"178","ebc954713f93a5a726d879c030cf7ad7","Eukaryota;TSAR;Alveolata;Dinoflagellata;Dinophyceae;Gymnodiniales;Gymnodiniaceae;Gyrodinium;Gyrodinium_fusiforme;","Eukaryota","TSAR","Alveolata","Dinoflagellata","Dinophyceae","Gymnodiniales","Gymnodiniaceae","Gyrodinium","Gyrodinium fusiforme","Dinoflagellata","Gyrodinium fusiforme","Gyrodinium","fusiforme","","Heterotroph","SH","31.1 - 39.9 µm","40 µm","","","","+","","","","","","+","","","","","","Naustvoll (2000); Takano & Horiguchi (2004); Saito et al. (2006); Sherr & Sherr (2007)",NA,NA,NA,NA,NA,NA,NA,NA,"Gyrodinium fusiforme",0
"179","c99754b3ac6ba33e9b0e915514fd4fb9","Eukaryota;TSAR;Alveolata;Dinoflagellata;Dinophyceae;Gymnodiniales;Gymnodiniaceae;Margalefidinium;Margalefidinium_polykrikoides;","Eukaryota","TSAR","Alveolata","Dinoflagellata","Dinophyceae","Gymnodiniales","Gymnodiniaceae","Margalefidinium","Margalefidinium polykrikoides","Dinoflagellata","Margalefidinium polykrikoides","Margalefidinium","polykrikoides","Cochlodinium polykrikoides","Mixotroph","CM","23 - 28.8 µm","11 µm","","+","","+","+","","+","","","+","","","","","","Jeong et al. (2004); Jeong et al. (2005)",NA,NA,NA,NA,NA,NA,NA,NA,"Margalefidinium polykrikoides",0
"180","98942dc44b420e2908f3bbdf8bb65ce4","Eukaryota;TSAR;Alveolata;Dinoflagellata;Dinophyceae;Gymnodiniales;Kareniaceae;Karlodinium;Karlodinium_veneficum;","Eukaryota","TSAR","Alveolata","Dinoflagellata","Dinophyceae","Gymnodiniales","Kareniaceae","Karlodinium","Karlodinium veneficum","Dinoflagellata","Karlodinium veneficum","Karlodinium","veneficum","Karlodinium micrum, Gyrodinium galatheanum","Mixotroph","CM","10.5 - 18.7 µm","10 µm","","+","","","","","+","","","+","","","","","","Li et al. (1999); Li et al. (2000); Li et al. (2001); Adolf et al. (2003); Adolf et al. (2006); Jeong et al. (2010); Calbet et al. (2011); Wang et al. (2011); Place et al. (2012); Zhou et al. (2015); Lin et al. (2018); Ferreira et al. (2022)",NA,NA,NA,NA,NA,NA,NA,NA,"Karlodinium veneficum",0
"181","8883ec555a34691b90909a5d511bf3de","Eukaryota;TSAR;Alveolata;Dinoflagellata;Dinophyceae;Prorocentrales;Prorocentraceae;Prorocentrum;Prorocentrum_cordatum;","Eukaryota","TSAR","Alveolata","Dinoflagellata","Dinophyceae","Prorocentrales","Prorocentraceae","Prorocentrum","Prorocentrum cordatum",NA,NA,NA,NA,NA,NA,NA,NA,NA,NA,NA,NA,NA,NA,NA,NA,NA,NA,NA,NA,NA,NA,NA,NA,NA,NA,NA,NA,NA,NA,NA,NA,NA,NA,NA
"182","4cbe55efeec2b85584113298a1eed124","Eukaryota;TSAR;Alveolata;Dinoflagellata;Dinophyceae;Gonyaulacales;Pyrocystaceae;Alexandrium;Alexandrium_affine;","Eukaryota","TSAR","Alveolata","Dinoflagellata","Dinophyceae","Gonyaulacales","Pyrocystaceae","Alexandrium","Alexandrium affine","Dinoflagellata","Alexandrium affine","Alexandrium","affine","","Autotroph","","30.1 - 31.9 µm","not recorded","","","","","","","","","","","","","","","","Lee et al. (2016); Kim et al. (2017)",NA,NA,NA,NA,NA,NA,NA,NA,"Alexandrium affine",0
"183","973160448735aa8d1adf9b4e7462aa4d","Eukaryota;TSAR;Alveolata;Dinoflagellata;Dinophyceae;Peridiniales;Peridiniales_X;Sabulodinium;Sabulodinium_undulatum;","Eukaryota","TSAR","Alveolata","Dinoflagellata","Dinophyceae","Peridiniales","Peridiniales_X","Sabulodinium","Sabulodinium undulatum",NA,NA,NA,NA,NA,NA,NA,NA,NA,NA,NA,NA,NA,NA,NA,NA,NA,NA,NA,NA,NA,NA,NA,NA,NA,NA,NA,NA,NA,NA,NA,NA,NA,NA,NA
"184","e02f2e6ea252446205b4e1225cbe65a4","Eukaryota;TSAR;Alveolata;Dinoflagellata;Dinophyceae;Gonyaulacales;Lingulodiniaceae;Lingulodinium;Lingulodinium_polyedra;","Eukaryota","TSAR","Alveolata","Dinoflagellata","Dinophyceae","Gonyaulacales","Lingulodiniaceae","Lingulodinium","Lingulodinium polyedra","Dinoflagellata","Lingulodinium polyedrum","Lingulodinium","polyedrum","L. polyedra","Mixotroph","CM","34.6 - 42.2 µm","28.1 µm","","+","","+","","","","","","+","","","","","","Jeong et al. (2005a); Jeong et al. (2005b); Yoo et al. (2009); Lee et al. (2016); Jeong et al. (2021)",NA,NA,NA,NA,NA,NA,NA,NA,"Lingulodinium polyedrum",2
"185","0090f7a058994ff6e2908d1c9ac01fc0","Eukaryota;TSAR;Alveolata;Dinoflagellata;Dinophyceae;Gonyaulacales;Pyrocystaceae;Alexandrium;Alexandrium_affine;","Eukaryota","TSAR","Alveolata","Dinoflagellata","Dinophyceae","Gonyaulacales","Pyrocystaceae","Alexandrium","Alexandrium affine","Dinoflagellata","Alexandrium affine","Alexandrium","affine","","Autotroph","","30.1 - 31.9 µm","not recorded","","","","","","","","","","","","","","","","Lee et al. (2016); Kim et al. (2017)",NA,NA,NA,NA,NA,NA,NA,NA,"Alexandrium affine",0
"186","fe0c9c7bde3b69feef9699e64be10603","Eukaryota;TSAR;Alveolata;Dinoflagellata;Dinophyceae;Gymnodiniales;Gymnodiniaceae;Gyrodinium;Gyrodinium_fusiforme;","Eukaryota","TSAR","Alveolata","Dinoflagellata","Dinophyceae","Gymnodiniales","Gymnodiniaceae","Gyrodinium","Gyrodinium fusiforme","Dinoflagellata","Gyrodinium fusiforme","Gyrodinium","fusiforme","","Heterotroph","SH","31.1 - 39.9 µm","40 µm","","","","+","","","","","","+","","","","","","Naustvoll (2000); Takano & Horiguchi (2004); Saito et al. (2006); Sherr & Sherr (2007)",NA,NA,NA,NA,NA,NA,NA,NA,"Gyrodinium fusiforme",0
"187","83a805428ecefd17ca09c46ce37cf83b","Eukaryota;TSAR;Alveolata;Dinoflagellata;Dinophyceae;Gymnodiniales;Gymnodiniaceae;Gyrodinium;Gyrodinium_fusiforme;","Eukaryota","TSAR","Alveolata","Dinoflagellata","Dinophyceae","Gymnodiniales","Gymnodiniaceae","Gyrodinium","Gyrodinium fusiforme","Dinoflagellata","Gyrodinium fusiforme","Gyrodinium","fusiforme","","Heterotroph","SH","31.1 - 39.9 µm","40 µm","","","","+","","","","","","+","","","","","","Naustvoll (2000); Takano & Horiguchi (2004); Saito et al. (2006); Sherr & Sherr (2007)",NA,NA,NA,NA,NA,NA,NA,NA,"Gyrodinium fusiforme",0
"188","9b4bd199c4fc1cf5ea5f073dbaba08f8","Eukaryota;TSAR;Alveolata;Dinoflagellata;Dinophyceae;Gymnodiniales;Gymnodiniaceae;Margalefidinium;Margalefidinium_polykrikoides;","Eukaryota","TSAR","Alveolata","Dinoflagellata","Dinophyceae","Gymnodiniales","Gymnodiniaceae","Margalefidinium","Margalefidinium polykrikoides","Dinoflagellata","Margalefidinium polykrikoides","Margalefidinium","polykrikoides","Cochlodinium polykrikoides","Mixotroph","CM","23 - 28.8 µm","11 µm","","+","","+","+","","+","","","+","","","","","","Jeong et al. (2004); Jeong et al. (2005)",NA,NA,NA,NA,NA,NA,NA,NA,"Margalefidinium polykrikoides",0
"189","1475d118c8c57f8e2a4fd2c7fd2a7428","Eukaryota;TSAR;Alveolata;Dinoflagellata;Dinophyceae;Gonyaulacales;Gonyaulacaceae;Gonyaulax;Gonyaulax_polygramma;","Eukaryota","TSAR","Alveolata","Dinoflagellata","Dinophyceae","Gonyaulacales","Gonyaulacaceae","Gonyaulax","Gonyaulax polygramma","Dinoflagellata","Gonyaulax polygramma","Gonyaulax","polygramma","G. schuetti","Mixotroph","CM","29.5 - 39.4 µm","20 µm","","+","","","","","+","","","+","","","","","","Jacobson & Anderson (1996); Jeong et al. (2005); Lee et al. (2016)",NA,NA,NA,NA,NA,NA,NA,NA,"Gonyaulax polygramma",0
"190","74200168baa797c4ad625a6a6316d060","Eukaryota;TSAR;Alveolata;Dinoflagellata;Dinophyceae;Gymnodiniales;Gymnodiniales_X;Levanderina;Levanderina_fissa;","Eukaryota","TSAR","Alveolata","Dinoflagellata","Dinophyceae","Gymnodiniales","Gymnodiniales_X","Levanderina","Levanderina fissa","Dinoflagellata","Levanderina fissa","Levanderina","fissa","Gyrodinium instriatum","Mixotroph","CM","47.9 µm","50 µm (L)","","","","","","","","","","","+","","","","","Biecheler (1952); Bockstahler & Coats (1993); Uchida et al. (1997); Moestrup et al. (2014)",NA,NA,NA,NA,NA,NA,NA,NA,"Levanderina fissa",0
"191","a4d1f2585b095c29f437bd2202b16f9d","Eukaryota;TSAR;Alveolata;Dinoflagellata;Dinophyceae;Gymnodiniales;Gymnodiniaceae;Gyrodinium;Gyrodinium_fusiforme;","Eukaryota","TSAR","Alveolata","Dinoflagellata","Dinophyceae","Gymnodiniales","Gymnodiniaceae","Gyrodinium","Gyrodinium fusiforme","Dinoflagellata","Gyrodinium fusiforme","Gyrodinium","fusiforme","","Heterotroph","SH","31.1 - 39.9 µm","40 µm","","","","+","","","","","","+","","","","","","Naustvoll (2000); Takano & Horiguchi (2004); Saito et al. (2006); Sherr & Sherr (2007)",NA,NA,NA,NA,NA,NA,NA,NA,"Gyrodinium fusiforme",0
"192","5d6cb08580406d918f555762b2c01594","Eukaryota;TSAR;Alveolata;Dinoflagellata;Dinophyceae;Gonyaulacales;Pyrocystaceae;Alexandrium;Alexandrium_ostenfeldii;","Eukaryota","TSAR","Alveolata","Dinoflagellata","Dinophyceae","Gonyaulacales","Pyrocystaceae","Alexandrium","Alexandrium ostenfeldii","Dinoflagellata","Alexandrium ostenfeldii","Alexandrium","ostenfeldii","Alexandriun peruvianum","Mixotroph","CM","46.2 - 62.6 µm","48 µm","","","","","","","","","","+","+","","","","","Jacobson and Anderson (1996); Gribble et al. (2005); Blossom et al. (2012); Lee et al. (2016); Blossom et al. (2017); Mitra et al. (2023)",NA,NA,NA,NA,NA,NA,NA,NA,"Alexandrium ostenfeldii",0
"193","11c7fa4666ae39cc5a51f976f72ff74f","Eukaryota;TSAR;Alveolata;Dinoflagellata;Dinophyceae;Gymnodiniales;Kareniaceae;Karlodinium;Karlodinium_veneficum;","Eukaryota","TSAR","Alveolata","Dinoflagellata","Dinophyceae","Gymnodiniales","Kareniaceae","Karlodinium","Karlodinium veneficum","Dinoflagellata","Karlodinium veneficum","Karlodinium","veneficum","Karlodinium micrum, Gyrodinium galatheanum","Mixotroph","CM","10.5 - 18.7 µm","10 µm","","+","","","","","+","","","+","","","","","","Li et al. (1999); Li et al. (2000); Li et al. (2001); Adolf et al. (2003); Adolf et al. (2006); Jeong et al. (2010); Calbet et al. (2011); Wang et al. (2011); Place et al. (2012); Zhou et al. (2015); Lin et al. (2018); Ferreira et al. (2022)",NA,NA,NA,NA,NA,NA,NA,NA,"Karlodinium veneficum",0
"194","728cbcb473a5476f5a7a1cf8045b421b","Eukaryota;TSAR;Alveolata;Dinoflagellata;Dinophyceae;Peridiniales;Protoperidiniaceae;Protoperidinium;Protoperidinium_depressum;","Eukaryota","TSAR","Alveolata","Dinoflagellata","Dinophyceae","Peridiniales","Protoperidiniaceae","Protoperidinium","Protoperidinium depressum","Dinoflagellata","Protoperidinium depressum","Protoperidinium","depressum","","Heterotroph","SH","80.9","not recorded","","","","+","","","","","","","","","","","","Menden-Deuer et al. (2005)",NA,NA,NA,NA,NA,NA,NA,NA,"Protoperidinium depressum",0
"195","f73e5bbd2ac73160022ae6cc49105b1d","Eukaryota;TSAR;Alveolata;Dinoflagellata;Dinophyceae;Gonyaulacales;Protoceratiaceae;Schuettiella;Schuettiella_mitra;","Eukaryota","TSAR","Alveolata","Dinoflagellata","Dinophyceae","Gonyaulacales","Protoceratiaceae","Schuettiella","Schuettiella mitra",NA,NA,NA,NA,NA,NA,NA,NA,NA,NA,NA,NA,NA,NA,NA,NA,NA,NA,NA,NA,NA,NA,NA,NA,NA,NA,NA,NA,NA,NA,NA,NA,NA,NA,NA
"196","7dbe38d2294005673e85b54fe0c3d403","Eukaryota;TSAR;Alveolata;Dinoflagellata;Dinophyceae;Gymnodiniales;Gymnodiniaceae;Gyrodinium;Gyrodinium_fusiforme;","Eukaryota","TSAR","Alveolata","Dinoflagellata","Dinophyceae","Gymnodiniales","Gymnodiniaceae","Gyrodinium","Gyrodinium fusiforme","Dinoflagellata","Gyrodinium fusiforme","Gyrodinium","fusiforme","","Heterotroph","SH","31.1 - 39.9 µm","40 µm","","","","+","","","","","","+","","","","","","Naustvoll (2000); Takano & Horiguchi (2004); Saito et al. (2006); Sherr & Sherr (2007)",NA,NA,NA,NA,NA,NA,NA,NA,"Gyrodinium fusiforme",0
"197","fa237787a0b7225425f50cd0ff0de02f","Eukaryota;TSAR;Alveolata;Dinoflagellata;Dinophyceae;Gymnodiniales;Kareniaceae;Karlodinium;Karlodinium_veneficum;","Eukaryota","TSAR","Alveolata","Dinoflagellata","Dinophyceae","Gymnodiniales","Kareniaceae","Karlodinium","Karlodinium veneficum","Dinoflagellata","Karlodinium veneficum","Karlodinium","veneficum","Karlodinium micrum, Gyrodinium galatheanum","Mixotroph","CM","10.5 - 18.7 µm","10 µm","","+","","","","","+","","","+","","","","","","Li et al. (1999); Li et al. (2000); Li et al. (2001); Adolf et al. (2003); Adolf et al. (2006); Jeong et al. (2010); Calbet et al. (2011); Wang et al. (2011); Place et al. (2012); Zhou et al. (2015); Lin et al. (2018); Ferreira et al. (2022)",NA,NA,NA,NA,NA,NA,NA,NA,"Karlodinium veneficum",0
"198","9ef8b6f7c7380d1fe016498481ad4b17","Eukaryota;TSAR;Alveolata;Dinoflagellata;Dinophyceae;Gymnodiniales;Gymnodiniaceae;Margalefidinium;Margalefidinium_polykrikoides;","Eukaryota","TSAR","Alveolata","Dinoflagellata","Dinophyceae","Gymnodiniales","Gymnodiniaceae","Margalefidinium","Margalefidinium polykrikoides","Dinoflagellata","Margalefidinium polykrikoides","Margalefidinium","polykrikoides","Cochlodinium polykrikoides","Mixotroph","CM","23 - 28.8 µm","11 µm","","+","","+","+","","+","","","+","","","","","","Jeong et al. (2004); Jeong et al. (2005)",NA,NA,NA,NA,NA,NA,NA,NA,"Margalefidinium polykrikoides",0
"199","ee3c2666384e583a36c5c9db7739d327","Eukaryota;TSAR;Alveolata;Dinoflagellata;Dinophyceae;Gonyaulacales;Gonyaulacaceae;Spiniferites;Spiniferites_mirabilis;","Eukaryota","TSAR","Alveolata","Dinoflagellata","Dinophyceae","Gonyaulacales","Gonyaulacaceae","Spiniferites","Spiniferites mirabilis",NA,NA,NA,NA,NA,NA,NA,NA,NA,NA,NA,NA,NA,NA,NA,NA,NA,NA,NA,NA,NA,NA,NA,NA,NA,NA,NA,NA,NA,NA,NA,NA,NA,NA,NA
"200","5b1373da69999e30009ded3b90390050","Eukaryota;TSAR;Alveolata;Dinoflagellata;Dinophyceae;Gymnodiniales;Kareniaceae;Karlodinium;Karlodinium_veneficum;","Eukaryota","TSAR","Alveolata","Dinoflagellata","Dinophyceae","Gymnodiniales","Kareniaceae","Karlodinium","Karlodinium veneficum","Dinoflagellata","Karlodinium veneficum","Karlodinium","veneficum","Karlodinium micrum, Gyrodinium galatheanum","Mixotroph","CM","10.5 - 18.7 µm","10 µm","","+","","","","","+","","","+","","","","","","Li et al. (1999); Li et al. (2000); Li et al. (2001); Adolf et al. (2003); Adolf et al. (2006); Jeong et al. (2010); Calbet et al. (2011); Wang et al. (2011); Place et al. (2012); Zhou et al. (2015); Lin et al. (2018); Ferreira et al. (2022)",NA,NA,NA,NA,NA,NA,NA,NA,"Karlodinium veneficum",0
"201","09e4872277b50643e0cbc55e2f9abf1c","Eukaryota;TSAR;Alveolata;Dinoflagellata;Dinophyceae;Gonyaulacales;Pyrocystaceae;Alexandrium;Alexandrium_affine;","Eukaryota","TSAR","Alveolata","Dinoflagellata","Dinophyceae","Gonyaulacales","Pyrocystaceae","Alexandrium","Alexandrium affine","Dinoflagellata","Alexandrium affine","Alexandrium","affine","","Autotroph","","30.1 - 31.9 µm","not recorded","","","","","","","","","","","","","","","","Lee et al. (2016); Kim et al. (2017)",NA,NA,NA,NA,NA,NA,NA,NA,"Alexandrium affine",0
"202","b79fcd4f452f2281a96252289f86e3ee","Eukaryota;TSAR;Alveolata;Dinoflagellata;Dinophyceae;Peridiniales;Amphidomataceae;Amphidoma;Amphidoma_languida;","Eukaryota","TSAR","Alveolata","Dinoflagellata","Dinophyceae","Peridiniales","Amphidomataceae","Amphidoma","Amphidoma languida","Dinoflagellata","Amphidoma languida","Amphidoma","languida","","Mixotroph","CM*","14.4 µm","not recorded","","+","","","","","","","","","","","","","","Stoecker (1999); Tillmann et al. (2015); Duhamel et al. (2019)",NA,NA,NA,NA,NA,NA,NA,NA,"Amphidoma languida",0
"203","35345e6aaee747831d44cb075da11f1c","Eukaryota;TSAR;Alveolata;Dinoflagellata;Dinophyceae;Peridiniales;Protoperidiniaceae;Protoperidinium;Protoperidinium_punctulatum;","Eukaryota","TSAR","Alveolata","Dinoflagellata","Dinophyceae","Peridiniales","Protoperidiniaceae","Protoperidinium","Protoperidinium punctulatum","Dinoflagellata","Protoperidinium punctulatum","Protoperidinium","punctulatum","","Heterotroph","SH","55.3 - 81.2 µm","< 200 µm","","","","+","","","","","","","","","","","","Jacobson & Anderson (1986)",NA,NA,NA,NA,NA,NA,NA,NA,"Protoperidinium punctulatum",0
"204","3ae215a9c03e096690fe2b3a542bd217","Eukaryota;TSAR;Alveolata;Dinoflagellata;Dinophyceae;Gonyaulacales;Gonyaulacaceae;Gonyaulax;Gonyaulax_polygramma;","Eukaryota","TSAR","Alveolata","Dinoflagellata","Dinophyceae","Gonyaulacales","Gonyaulacaceae","Gonyaulax","Gonyaulax polygramma","Dinoflagellata","Gonyaulax polygramma","Gonyaulax","polygramma","G. schuetti","Mixotroph","CM","29.5 - 39.4 µm","20 µm","","+","","","","","+","","","+","","","","","","Jacobson & Anderson (1996); Jeong et al. (2005); Lee et al. (2016)",NA,NA,NA,NA,NA,NA,NA,NA,"Gonyaulax polygramma",0
"205","24be581ae4cf11d55410256f40bec1f4","Eukaryota;TSAR;Alveolata;Dinoflagellata;Dinophyceae;Gonyaulacales;Gonyaulacaceae;Gonyaulax;Gonyaulax_cochlea;","Eukaryota","TSAR","Alveolata","Dinoflagellata","Dinophyceae","Gonyaulacales","Gonyaulacaceae","Gonyaulax","Gonyaulax cochlea",NA,NA,NA,NA,NA,NA,NA,NA,NA,NA,NA,NA,NA,NA,NA,NA,NA,NA,NA,NA,NA,NA,NA,NA,NA,NA,NA,NA,NA,NA,NA,NA,NA,NA,NA
"206","09092654f4bd2c74cbe20e843c53945b","Eukaryota;TSAR;Alveolata;Dinoflagellata;Dinophyceae;Gymnodiniales;Gymnodiniaceae;Gyrodinium;Gyrodinium_fusiforme;","Eukaryota","TSAR","Alveolata","Dinoflagellata","Dinophyceae","Gymnodiniales","Gymnodiniaceae","Gyrodinium","Gyrodinium fusiforme","Dinoflagellata","Gyrodinium fusiforme","Gyrodinium","fusiforme","","Heterotroph","SH","31.1 - 39.9 µm","40 µm","","","","+","","","","","","+","","","","","","Naustvoll (2000); Takano & Horiguchi (2004); Saito et al. (2006); Sherr & Sherr (2007)",NA,NA,NA,NA,NA,NA,NA,NA,"Gyrodinium fusiforme",0
"207","a5d7eac028db1965ff5f160347e336e3","Eukaryota;TSAR;Alveolata;Dinoflagellata;Dinophyceae;Peridiniales;Peridiniales_X;Sabulodinium;Sabulodinium_undulatum;","Eukaryota","TSAR","Alveolata","Dinoflagellata","Dinophyceae","Peridiniales","Peridiniales_X","Sabulodinium","Sabulodinium undulatum",NA,NA,NA,NA,NA,NA,NA,NA,NA,NA,NA,NA,NA,NA,NA,NA,NA,NA,NA,NA,NA,NA,NA,NA,NA,NA,NA,NA,NA,NA,NA,NA,NA,NA,NA
"208","6e5948af92807d3851e558587ef07820","Eukaryota;TSAR;Alveolata;Dinoflagellata;Dinophyceae;Prorocentrales;Prorocentraceae;Prorocentrum;Prorocentrum_donghaiense;","Eukaryota","TSAR","Alveolata","Dinoflagellata","Dinophyceae","Prorocentrales","Prorocentraceae","Prorocentrum","Prorocentrum donghaiense",NA,NA,NA,NA,NA,NA,NA,NA,NA,NA,NA,NA,NA,NA,NA,NA,NA,NA,NA,NA,NA,NA,NA,NA,NA,NA,NA,NA,NA,NA,NA,NA,NA,NA,NA
"209","8c3eadb34b4af2b5580628d3ab924610","Eukaryota;TSAR;Alveolata;Dinoflagellata;Dinophyceae;Peridiniales;Amphidomataceae;Amphidoma;Amphidoma_languida;","Eukaryota","TSAR","Alveolata","Dinoflagellata","Dinophyceae","Peridiniales","Amphidomataceae","Amphidoma","Amphidoma languida","Dinoflagellata","Amphidoma languida","Amphidoma","languida","","Mixotroph","CM*","14.4 µm","not recorded","","+","","","","","","","","","","","","","","Stoecker (1999); Tillmann et al. (2015); Duhamel et al. (2019)",NA,NA,NA,NA,NA,NA,NA,NA,"Amphidoma languida",0
"210","bc047b650ac3521faef2fd242ec9c3a3","Eukaryota;TSAR;Alveolata;Dinoflagellata;Dinophyceae;Gymnodiniales;Gymnodiniales_X;Grammatodinium;Grammatodinium_tongyeonginum;","Eukaryota","TSAR","Alveolata","Dinoflagellata","Dinophyceae","Gymnodiniales","Gymnodiniales_X","Grammatodinium","Grammatodinium tongyeonginum","Dinoflagellata","Grammatodinium tongyeonginum","Grammatodinium","tongyeonginum","","Mixotroph","CM","22.7 - 35.6 µm","not recorded","+","","","","","","","","","","","","","","","Li et al. (2017)",NA,NA,NA,NA,NA,NA,NA,NA,"Grammatodinium tongyeonginum",0
"211","b86bfe6debcfc3c1db1492056394d1e1","Eukaryota;TSAR;Alveolata;Dinoflagellata;Dinophyceae;Peridiniales;Thoracosphaeraceae;Pfiesteria;Pfiesteria_piscicida;","Eukaryota","TSAR","Alveolata","Dinoflagellata","Dinophyceae","Peridiniales","Thoracosphaeraceae","Pfiesteria","Pfiesteria piscicida","Dinoflagellata","Pfiesteria piscicda","Pfiesteria","piscicda","","Mixotroph","pSNCM","13.5 µm","40 µm","","","","+","","","+","+","","+","","","","","","Steidinger et al. (1996); Lewitus et al. (1999); Feinstein et al. (2002); Stoecker & Gustafson (2002); Jeong et al. (2006); Kang et al. (2018); Jeong et al. (2021); Park et al. (2021)",NA,NA,NA,NA,NA,NA,NA,NA,"Pfiesteria piscicda",1
"212","4827ec0e1db6f4c91f6d1eb331ef94ae","Eukaryota;TSAR;Alveolata;Dinoflagellata;Dinophyceae;Gymnodiniales;Gymnodiniaceae;Gyrodinium;Gyrodinium_fusiforme;","Eukaryota","TSAR","Alveolata","Dinoflagellata","Dinophyceae","Gymnodiniales","Gymnodiniaceae","Gyrodinium","Gyrodinium fusiforme","Dinoflagellata","Gyrodinium fusiforme","Gyrodinium","fusiforme","","Heterotroph","SH","31.1 - 39.9 µm","40 µm","","","","+","","","","","","+","","","","","","Naustvoll (2000); Takano & Horiguchi (2004); Saito et al. (2006); Sherr & Sherr (2007)",NA,NA,NA,NA,NA,NA,NA,NA,"Gyrodinium fusiforme",0
"213","eeb4ba2e513252700593ed51bbaf46e3","Eukaryota;TSAR;Alveolata;Dinoflagellata;Noctilucophyceae;Noctilucales;Noctilucaceae;Noctiluca;Noctiluca_scintillans;","Eukaryota","TSAR","Alveolata","Dinoflagellata","Noctilucophyceae","Noctilucales","Noctilucaceae","Noctiluca","Noctiluca scintillans","Dinoflagellata","Noctiluca scintillans","Noctiluca","scintillans","","Mixotroph","eSNCM","500–1,000 μm","not recorded","","+","+","+","+","+","+","","","+","+","","+","","","Sekiguchi & Kato (1976); Buskey (1995); Kirchner et al. (1996); Elbrächter & Qi (1998); Nakamura (1998); Quevedo et al. (1999); Rodríguez et al. (2005); Escalera et al. (2007); Gomez et al. (2010); Frangópulos et al. (2011); Almeda et al. (2014); Zhang et al. (2015); Stauffer et al. (2017); Hallegraeff et al. (2019); Jeong et al. (2021); Nishitani et al. (2020)",NA,NA,NA,NA,NA,NA,NA,NA,"Noctiluca scintillans",0
"214","ed5c40160a22109d14b53ef7f4a5fb74","Eukaryota;TSAR;Alveolata;Dinoflagellata;Dinophyceae;Peridiniales;Amphidomataceae;Amphidoma;Amphidoma_languida;","Eukaryota","TSAR","Alveolata","Dinoflagellata","Dinophyceae","Peridiniales","Amphidomataceae","Amphidoma","Amphidoma languida","Dinoflagellata","Amphidoma languida","Amphidoma","languida","","Mixotroph","CM*","14.4 µm","not recorded","","+","","","","","","","","","","","","","","Stoecker (1999); Tillmann et al. (2015); Duhamel et al. (2019)",NA,NA,NA,NA,NA,NA,NA,NA,"Amphidoma languida",0
"215","6d5bf4f9f28411b9dc44806113b6ca0d","Eukaryota;TSAR;Alveolata;Dinoflagellata;Dinophyceae;Gymnodiniales;Gymnodiniaceae;Gyrodinium;Gyrodinium_fusiforme;","Eukaryota","TSAR","Alveolata","Dinoflagellata","Dinophyceae","Gymnodiniales","Gymnodiniaceae","Gyrodinium","Gyrodinium fusiforme","Dinoflagellata","Gyrodinium fusiforme","Gyrodinium","fusiforme","","Heterotroph","SH","31.1 - 39.9 µm","40 µm","","","","+","","","","","","+","","","","","","Naustvoll (2000); Takano & Horiguchi (2004); Saito et al. (2006); Sherr & Sherr (2007)",NA,NA,NA,NA,NA,NA,NA,NA,"Gyrodinium fusiforme",0
"216","0081bb9bb167a72248b0a1850655d4fc","Eukaryota;TSAR;Alveolata;Dinoflagellata;Dinophyceae;Gymnodiniales;Gymnodiniaceae;Akashiwo;Akashiwo_sanguinea;","Eukaryota","TSAR","Alveolata","Dinoflagellata","Dinophyceae","Gymnodiniales","Gymnodiniaceae","Akashiwo","Akashiwo sanguinea","Dinoflagellata","Akashiwo sanguinea ","Akashiwo","sanguinea","Gymnodinium sanguineum, Gymnodinium splendens","Mixotroph","CM"," 27 - 59.72 µm","28 µm","","+","","","+","","+","","","+","+","","","","","Bockstahler & Coats (1993); Jeong et al. (2005); Loder et al. (2012); Wu et al. (2021); Yang et al (2021); Mitra et al. (2023)",NA,NA,NA,NA,NA,NA,NA,NA,"Akashiwo sanguinea",0
"217","115c9cc8a37f3752504364ddc515b804","Eukaryota;TSAR;Alveolata;Dinoflagellata;Dinophyceae;Prorocentrales;Prorocentraceae;Prorocentrum;Prorocentrum_donghaiense;","Eukaryota","TSAR","Alveolata","Dinoflagellata","Dinophyceae","Prorocentrales","Prorocentraceae","Prorocentrum","Prorocentrum donghaiense",NA,NA,NA,NA,NA,NA,NA,NA,NA,NA,NA,NA,NA,NA,NA,NA,NA,NA,NA,NA,NA,NA,NA,NA,NA,NA,NA,NA,NA,NA,NA,NA,NA,NA,NA
"218","6c723b103090ee5ab0a1add3953e0390","Eukaryota;TSAR;Alveolata;Dinoflagellata;Dinophyceae;Gonyaulacales;Protoceratiaceae;Schuettiella;Schuettiella_mitra;","Eukaryota","TSAR","Alveolata","Dinoflagellata","Dinophyceae","Gonyaulacales","Protoceratiaceae","Schuettiella","Schuettiella mitra",NA,NA,NA,NA,NA,NA,NA,NA,NA,NA,NA,NA,NA,NA,NA,NA,NA,NA,NA,NA,NA,NA,NA,NA,NA,NA,NA,NA,NA,NA,NA,NA,NA,NA,NA
"219","35797b85796c84a86455d2072eb5ed6c","Eukaryota;TSAR;Alveolata;Dinoflagellata;Dinophyceae;Gymnodiniales;Gymnodiniaceae;Moestrupia;Moestrupia_oblonga;","Eukaryota","TSAR","Alveolata","Dinoflagellata","Dinophyceae","Gymnodiniales","Gymnodiniaceae","Moestrupia","Moestrupia oblonga","Dinoflagellata","Moestrupia oblonga","Moestrupia","oblonga","Gyrodinium oblonga","Mixotroph","CM","10.6 -12.3 µm","not recorded","+","","","","","","","","","","","","","","","Hansen & Daugbjerg (2011)",NA,NA,NA,NA,NA,NA,NA,NA,"Moestrupia oblonga",0
"220","db8cb7b195f5601b30701f705508b5f4","Eukaryota;TSAR;Alveolata;Dinoflagellata;Dinophyceae;Gymnodiniales;Gymnodiniaceae;Gyrodinium;Gyrodinium_fusiforme;","Eukaryota","TSAR","Alveolata","Dinoflagellata","Dinophyceae","Gymnodiniales","Gymnodiniaceae","Gyrodinium","Gyrodinium fusiforme","Dinoflagellata","Gyrodinium fusiforme","Gyrodinium","fusiforme","","Heterotroph","SH","31.1 - 39.9 µm","40 µm","","","","+","","","","","","+","","","","","","Naustvoll (2000); Takano & Horiguchi (2004); Saito et al. (2006); Sherr & Sherr (2007)",NA,NA,NA,NA,NA,NA,NA,NA,"Gyrodinium fusiforme",0
"221","060d123fc1c357800c37603d56a22bb0","Eukaryota;TSAR;Alveolata;Dinoflagellata;Dinophyceae;Gymnodiniales;Gymnodiniaceae;Gyrodinium;Gyrodinium_fusiforme;","Eukaryota","TSAR","Alveolata","Dinoflagellata","Dinophyceae","Gymnodiniales","Gymnodiniaceae","Gyrodinium","Gyrodinium fusiforme","Dinoflagellata","Gyrodinium fusiforme","Gyrodinium","fusiforme","","Heterotroph","SH","31.1 - 39.9 µm","40 µm","","","","+","","","","","","+","","","","","","Naustvoll (2000); Takano & Horiguchi (2004); Saito et al. (2006); Sherr & Sherr (2007)",NA,NA,NA,NA,NA,NA,NA,NA,"Gyrodinium fusiforme",0
"222","bab4daf362e10575be1265de05050d2d","Eukaryota;TSAR;Alveolata;Dinoflagellata;Dinophyceae;Gymnodiniales;Gymnodiniaceae;Gyrodinium;Gyrodinium_fusiforme;","Eukaryota","TSAR","Alveolata","Dinoflagellata","Dinophyceae","Gymnodiniales","Gymnodiniaceae","Gyrodinium","Gyrodinium fusiforme","Dinoflagellata","Gyrodinium fusiforme","Gyrodinium","fusiforme","","Heterotroph","SH","31.1 - 39.9 µm","40 µm","","","","+","","","","","","+","","","","","","Naustvoll (2000); Takano & Horiguchi (2004); Saito et al. (2006); Sherr & Sherr (2007)",NA,NA,NA,NA,NA,NA,NA,NA,"Gyrodinium fusiforme",0
"223","826e76d4e489a3d2332f69fae7b1ad73","Eukaryota;TSAR;Alveolata;Dinoflagellata;Dinophyceae;Gonyaulacales;Protoceratiaceae;Schuettiella;Schuettiella_mitra;","Eukaryota","TSAR","Alveolata","Dinoflagellata","Dinophyceae","Gonyaulacales","Protoceratiaceae","Schuettiella","Schuettiella mitra",NA,NA,NA,NA,NA,NA,NA,NA,NA,NA,NA,NA,NA,NA,NA,NA,NA,NA,NA,NA,NA,NA,NA,NA,NA,NA,NA,NA,NA,NA,NA,NA,NA,NA,NA
"224","15a5aa3ebf4cfc0eac3d9aa4d0e722df","Eukaryota;TSAR;Alveolata;Dinoflagellata;Dinophyceae;Gonyaulacales;Gonyaulacaceae;Gonyaulax;Gonyaulax_polygramma;","Eukaryota","TSAR","Alveolata","Dinoflagellata","Dinophyceae","Gonyaulacales","Gonyaulacaceae","Gonyaulax","Gonyaulax polygramma","Dinoflagellata","Gonyaulax polygramma","Gonyaulax","polygramma","G. schuetti","Mixotroph","CM","29.5 - 39.4 µm","20 µm","","+","","","","","+","","","+","","","","","","Jacobson & Anderson (1996); Jeong et al. (2005); Lee et al. (2016)",NA,NA,NA,NA,NA,NA,NA,NA,"Gonyaulax polygramma",0
"225","1961b13167dd16aaef9074d80cc7ea49","Eukaryota;TSAR;Alveolata;Dinoflagellata;Dinophyceae;Prorocentrales;Prorocentraceae;Prorocentrum;Prorocentrum_donghaiense;","Eukaryota","TSAR","Alveolata","Dinoflagellata","Dinophyceae","Prorocentrales","Prorocentraceae","Prorocentrum","Prorocentrum donghaiense",NA,NA,NA,NA,NA,NA,NA,NA,NA,NA,NA,NA,NA,NA,NA,NA,NA,NA,NA,NA,NA,NA,NA,NA,NA,NA,NA,NA,NA,NA,NA,NA,NA,NA,NA
"226","63add365a234b2964a810fabdcf92f47","Eukaryota;TSAR;Alveolata;Dinoflagellata;Dinophyceae;Gymnodiniales;Gymnodiniaceae;Gyrodinium;Gyrodinium_fusiforme;","Eukaryota","TSAR","Alveolata","Dinoflagellata","Dinophyceae","Gymnodiniales","Gymnodiniaceae","Gyrodinium","Gyrodinium fusiforme","Dinoflagellata","Gyrodinium fusiforme","Gyrodinium","fusiforme","","Heterotroph","SH","31.1 - 39.9 µm","40 µm","","","","+","","","","","","+","","","","","","Naustvoll (2000); Takano & Horiguchi (2004); Saito et al. (2006); Sherr & Sherr (2007)",NA,NA,NA,NA,NA,NA,NA,NA,"Gyrodinium fusiforme",0
"227","d5a97ea1e0bfc38359b5a33018bec2b1","Eukaryota;TSAR;Alveolata;Dinoflagellata;Dinophyceae;Gymnodiniales;Gymnodiniaceae;Gyrodinium;Gyrodinium_fusiforme;","Eukaryota","TSAR","Alveolata","Dinoflagellata","Dinophyceae","Gymnodiniales","Gymnodiniaceae","Gyrodinium","Gyrodinium fusiforme","Dinoflagellata","Gyrodinium fusiforme","Gyrodinium","fusiforme","","Heterotroph","SH","31.1 - 39.9 µm","40 µm","","","","+","","","","","","+","","","","","","Naustvoll (2000); Takano & Horiguchi (2004); Saito et al. (2006); Sherr & Sherr (2007)",NA,NA,NA,NA,NA,NA,NA,NA,"Gyrodinium fusiforme",0
"228","40977524737219a0a312d870c25bc562","Eukaryota;TSAR;Alveolata;Dinoflagellata;Dinophyceae;Gymnodiniales;Gymnodiniaceae;Gyrodinium;Gyrodinium_fusiforme;","Eukaryota","TSAR","Alveolata","Dinoflagellata","Dinophyceae","Gymnodiniales","Gymnodiniaceae","Gyrodinium","Gyrodinium fusiforme","Dinoflagellata","Gyrodinium fusiforme","Gyrodinium","fusiforme","","Heterotroph","SH","31.1 - 39.9 µm","40 µm","","","","+","","","","","","+","","","","","","Naustvoll (2000); Takano & Horiguchi (2004); Saito et al. (2006); Sherr & Sherr (2007)",NA,NA,NA,NA,NA,NA,NA,NA,"Gyrodinium fusiforme",0
"229","83b08c08a8ed27a5ff51081e705338ad","Eukaryota;TSAR;Alveolata;Dinoflagellata;Dinophyceae;Gonyaulacales;Gonyaulacaceae;Spiniferites;Spiniferites_mirabilis;","Eukaryota","TSAR","Alveolata","Dinoflagellata","Dinophyceae","Gonyaulacales","Gonyaulacaceae","Spiniferites","Spiniferites mirabilis",NA,NA,NA,NA,NA,NA,NA,NA,NA,NA,NA,NA,NA,NA,NA,NA,NA,NA,NA,NA,NA,NA,NA,NA,NA,NA,NA,NA,NA,NA,NA,NA,NA,NA,NA
"230","832aff4ad5b5956ccd0552b669cad55f","Eukaryota;TSAR;Alveolata;Dinoflagellata;Dinophyceae;Gonyaulacales;Gonyaulacaceae;Gonyaulax;Gonyaulax_polygramma;","Eukaryota","TSAR","Alveolata","Dinoflagellata","Dinophyceae","Gonyaulacales","Gonyaulacaceae","Gonyaulax","Gonyaulax polygramma","Dinoflagellata","Gonyaulax polygramma","Gonyaulax","polygramma","G. schuetti","Mixotroph","CM","29.5 - 39.4 µm","20 µm","","+","","","","","+","","","+","","","","","","Jacobson & Anderson (1996); Jeong et al. (2005); Lee et al. (2016)",NA,NA,NA,NA,NA,NA,NA,NA,"Gonyaulax polygramma",0
"231","8ad4a0497fd7fb425d8fd39b6e258ae5","Eukaryota;TSAR;Alveolata;Dinoflagellata;Dinophyceae;Peridiniales;Amphidomataceae;Amphidoma;Amphidoma_languida;","Eukaryota","TSAR","Alveolata","Dinoflagellata","Dinophyceae","Peridiniales","Amphidomataceae","Amphidoma","Amphidoma languida","Dinoflagellata","Amphidoma languida","Amphidoma","languida","","Mixotroph","CM*","14.4 µm","not recorded","","+","","","","","","","","","","","","","","Stoecker (1999); Tillmann et al. (2015); Duhamel et al. (2019)",NA,NA,NA,NA,NA,NA,NA,NA,"Amphidoma languida",0
"232","847610421108acaf2a3766ed6486e06a","Eukaryota;TSAR;Alveolata;Dinoflagellata;Dinophyceae;Gonyaulacales;Protoceratiaceae;Schuettiella;Schuettiella_mitra;","Eukaryota","TSAR","Alveolata","Dinoflagellata","Dinophyceae","Gonyaulacales","Protoceratiaceae","Schuettiella","Schuettiella mitra",NA,NA,NA,NA,NA,NA,NA,NA,NA,NA,NA,NA,NA,NA,NA,NA,NA,NA,NA,NA,NA,NA,NA,NA,NA,NA,NA,NA,NA,NA,NA,NA,NA,NA,NA
"233","60a740b8c0f22bf86f85ffee61a9d449","Eukaryota;TSAR;Alveolata;Dinoflagellata;Dinophyceae;Gymnodiniales;Gymnodiniaceae;Gyrodinium;Gyrodinium_fusiforme;","Eukaryota","TSAR","Alveolata","Dinoflagellata","Dinophyceae","Gymnodiniales","Gymnodiniaceae","Gyrodinium","Gyrodinium fusiforme","Dinoflagellata","Gyrodinium fusiforme","Gyrodinium","fusiforme","","Heterotroph","SH","31.1 - 39.9 µm","40 µm","","","","+","","","","","","+","","","","","","Naustvoll (2000); Takano & Horiguchi (2004); Saito et al. (2006); Sherr & Sherr (2007)",NA,NA,NA,NA,NA,NA,NA,NA,"Gyrodinium fusiforme",0
"234","11e26d0470b472d214738d940ca74ad6","Eukaryota;TSAR;Alveolata;Dinoflagellata;Dinophyceae;Peridiniales;Blastodiniaceae;Blastodinium;Blastodinium_contortum;","Eukaryota","TSAR","Alveolata","Dinoflagellata","Dinophyceae","Peridiniales","Blastodiniaceae","Blastodinium","Blastodinium contortum",NA,NA,NA,NA,NA,NA,NA,NA,NA,NA,NA,NA,NA,NA,NA,NA,NA,NA,NA,NA,NA,NA,NA,NA,NA,NA,NA,NA,NA,NA,NA,NA,NA,NA,NA
"235","b5fcb3d4120e4b42a46d43ca8f7596f8","Eukaryota;TSAR;Alveolata;Dinoflagellata;Dinophyceae;Gymnodiniales;Gymnodiniaceae;Margalefidinium;Margalefidinium_polykrikoides;","Eukaryota","TSAR","Alveolata","Dinoflagellata","Dinophyceae","Gymnodiniales","Gymnodiniaceae","Margalefidinium","Margalefidinium polykrikoides","Dinoflagellata","Margalefidinium polykrikoides","Margalefidinium","polykrikoides","Cochlodinium polykrikoides","Mixotroph","CM","23 - 28.8 µm","11 µm","","+","","+","+","","+","","","+","","","","","","Jeong et al. (2004); Jeong et al. (2005)",NA,NA,NA,NA,NA,NA,NA,NA,"Margalefidinium polykrikoides",0
"236","891366c44f954c0127c105bbada4efda","Eukaryota;TSAR;Alveolata;Dinoflagellata;Dinophyceae;Gonyaulacales;Gonyaulacaceae;Spiniferites;Spiniferites_mirabilis;","Eukaryota","TSAR","Alveolata","Dinoflagellata","Dinophyceae","Gonyaulacales","Gonyaulacaceae","Spiniferites","Spiniferites mirabilis",NA,NA,NA,NA,NA,NA,NA,NA,NA,NA,NA,NA,NA,NA,NA,NA,NA,NA,NA,NA,NA,NA,NA,NA,NA,NA,NA,NA,NA,NA,NA,NA,NA,NA,NA
"237","824cf91570e359e8d69625d389c2b5ed","Eukaryota;TSAR;Alveolata;Dinoflagellata;Dinophyceae;Gonyaulacales;Pyrocystaceae;Alexandrium;Alexandrium_tamiyavanichii;","Eukaryota","TSAR","Alveolata","Dinoflagellata","Dinophyceae","Gonyaulacales","Pyrocystaceae","Alexandrium","Alexandrium tamiyavanichii",NA,NA,NA,NA,NA,NA,NA,NA,NA,NA,NA,NA,NA,NA,NA,NA,NA,NA,NA,NA,NA,NA,NA,NA,NA,NA,NA,NA,NA,NA,NA,NA,NA,NA,NA
"238","e97465d98a61659d5c64ff699f6a500b","Eukaryota;TSAR;Alveolata;Dinoflagellata;Dinophyceae;Peridiniales;Peridiniales_X;Sabulodinium;Sabulodinium_undulatum;","Eukaryota","TSAR","Alveolata","Dinoflagellata","Dinophyceae","Peridiniales","Peridiniales_X","Sabulodinium","Sabulodinium undulatum",NA,NA,NA,NA,NA,NA,NA,NA,NA,NA,NA,NA,NA,NA,NA,NA,NA,NA,NA,NA,NA,NA,NA,NA,NA,NA,NA,NA,NA,NA,NA,NA,NA,NA,NA
"239","c9f377beecef3a0cc5f24a7f54310fca","Eukaryota;TSAR;Alveolata;Dinoflagellata;Dinophyceae;Peridiniales;Amphidomataceae;Amphidoma;Amphidoma_languida;","Eukaryota","TSAR","Alveolata","Dinoflagellata","Dinophyceae","Peridiniales","Amphidomataceae","Amphidoma","Amphidoma languida","Dinoflagellata","Amphidoma languida","Amphidoma","languida","","Mixotroph","CM*","14.4 µm","not recorded","","+","","","","","","","","","","","","","","Stoecker (1999); Tillmann et al. (2015); Duhamel et al. (2019)",NA,NA,NA,NA,NA,NA,NA,NA,"Amphidoma languida",0
"240","3423bcd089ffa28f6070f43712d0de8c","Eukaryota;TSAR;Alveolata;Dinoflagellata;Dinophyceae;Peridiniales;Heterocapsaceae;Heterocapsa;Heterocapsa_nei/rotundata;","Eukaryota","TSAR","Alveolata","Dinoflagellata","Dinophyceae","Peridiniales","Heterocapsaceae","Heterocapsa","Heterocapsa nei/rotundata","Dinoflagellata","Heterocapsa nei/rotundata","Heterocapsa","nei/rotundata","","Mixotroph","CM","5.4 - 6.2 µm"," < 5 µm","","+","","+","","","","","","","","","","","","Jeong et al. (2005); Yoo et al. (2009); Jeong et al. (2010); Blossom et al. (2017); Millette et al. (2017); Lee et al. (2019)",NA,NA,NA,NA,NA,NA,NA,NA,"Heterocapsa nei/rotundata",0
"241","5072ddd0e909cb333494d852742700c8","Eukaryota;TSAR;Alveolata;Dinoflagellata;Dinophyceae;Gymnodiniales;Gymnodiniaceae;Gyrodinium;Gyrodinium_fusiforme;","Eukaryota","TSAR","Alveolata","Dinoflagellata","Dinophyceae","Gymnodiniales","Gymnodiniaceae","Gyrodinium","Gyrodinium fusiforme","Dinoflagellata","Gyrodinium fusiforme","Gyrodinium","fusiforme","","Heterotroph","SH","31.1 - 39.9 µm","40 µm","","","","+","","","","","","+","","","","","","Naustvoll (2000); Takano & Horiguchi (2004); Saito et al. (2006); Sherr & Sherr (2007)",NA,NA,NA,NA,NA,NA,NA,NA,"Gyrodinium fusiforme",0
"242","653fa30f8ad4efa13bea5a22c49ff4c7","Eukaryota;TSAR;Alveolata;Dinoflagellata;Dinophyceae;Gymnodiniales;Kareniaceae;Karlodinium;Karlodinium_veneficum;","Eukaryota","TSAR","Alveolata","Dinoflagellata","Dinophyceae","Gymnodiniales","Kareniaceae","Karlodinium","Karlodinium veneficum","Dinoflagellata","Karlodinium veneficum","Karlodinium","veneficum","Karlodinium micrum, Gyrodinium galatheanum","Mixotroph","CM","10.5 - 18.7 µm","10 µm","","+","","","","","+","","","+","","","","","","Li et al. (1999); Li et al. (2000); Li et al. (2001); Adolf et al. (2003); Adolf et al. (2006); Jeong et al. (2010); Calbet et al. (2011); Wang et al. (2011); Place et al. (2012); Zhou et al. (2015); Lin et al. (2018); Ferreira et al. (2022)",NA,NA,NA,NA,NA,NA,NA,NA,"Karlodinium veneficum",0
"243","b94bf7078018887c65238c563224c91e","Eukaryota;TSAR;Alveolata;Dinoflagellata;Dinophyceae;Gymnodiniales;Kareniaceae;Karlodinium;Karlodinium_veneficum;","Eukaryota","TSAR","Alveolata","Dinoflagellata","Dinophyceae","Gymnodiniales","Kareniaceae","Karlodinium","Karlodinium veneficum","Dinoflagellata","Karlodinium veneficum","Karlodinium","veneficum","Karlodinium micrum, Gyrodinium galatheanum","Mixotroph","CM","10.5 - 18.7 µm","10 µm","","+","","","","","+","","","+","","","","","","Li et al. (1999); Li et al. (2000); Li et al. (2001); Adolf et al. (2003); Adolf et al. (2006); Jeong et al. (2010); Calbet et al. (2011); Wang et al. (2011); Place et al. (2012); Zhou et al. (2015); Lin et al. (2018); Ferreira et al. (2022)",NA,NA,NA,NA,NA,NA,NA,NA,"Karlodinium veneficum",0
"244","70ea655ce4e34790af15d016ef318677","Eukaryota;TSAR;Alveolata;Dinoflagellata;Dinophyceae;Gymnodiniales;Gymnodiniaceae;Akashiwo;Akashiwo_sanguinea;","Eukaryota","TSAR","Alveolata","Dinoflagellata","Dinophyceae","Gymnodiniales","Gymnodiniaceae","Akashiwo","Akashiwo sanguinea","Dinoflagellata","Akashiwo sanguinea ","Akashiwo","sanguinea","Gymnodinium sanguineum, Gymnodinium splendens","Mixotroph","CM"," 27 - 59.72 µm","28 µm","","+","","","+","","+","","","+","+","","","","","Bockstahler & Coats (1993); Jeong et al. (2005); Loder et al. (2012); Wu et al. (2021); Yang et al (2021); Mitra et al. (2023)",NA,NA,NA,NA,NA,NA,NA,NA,"Akashiwo sanguinea",0
"245","7151334c5fe97b4835ed28e0d92df15e","Eukaryota;TSAR;Alveolata;Dinoflagellata;Dinophyceae;Gonyaulacales;Gonyaulacaceae;Gonyaulax;Gonyaulax_polygramma;","Eukaryota","TSAR","Alveolata","Dinoflagellata","Dinophyceae","Gonyaulacales","Gonyaulacaceae","Gonyaulax","Gonyaulax polygramma","Dinoflagellata","Gonyaulax polygramma","Gonyaulax","polygramma","G. schuetti","Mixotroph","CM","29.5 - 39.4 µm","20 µm","","+","","","","","+","","","+","","","","","","Jacobson & Anderson (1996); Jeong et al. (2005); Lee et al. (2016)",NA,NA,NA,NA,NA,NA,NA,NA,"Gonyaulax polygramma",0
"246","fbebfbb2a2b7f4132104dc80fcead76a","Eukaryota;TSAR;Alveolata;Dinoflagellata;Dinophyceae;Gymnodiniales;Gymnodiniaceae;Gyrodinium;Gyrodinium_fusiforme;","Eukaryota","TSAR","Alveolata","Dinoflagellata","Dinophyceae","Gymnodiniales","Gymnodiniaceae","Gyrodinium","Gyrodinium fusiforme","Dinoflagellata","Gyrodinium fusiforme","Gyrodinium","fusiforme","","Heterotroph","SH","31.1 - 39.9 µm","40 µm","","","","+","","","","","","+","","","","","","Naustvoll (2000); Takano & Horiguchi (2004); Saito et al. (2006); Sherr & Sherr (2007)",NA,NA,NA,NA,NA,NA,NA,NA,"Gyrodinium fusiforme",0
"247","144aa282564ad94d9538dd7910f9cf1a","Eukaryota;TSAR;Alveolata;Dinoflagellata;Dinophyceae;Gymnodiniales;Gymnodiniaceae;Gyrodinium;Gyrodinium_fusiforme;","Eukaryota","TSAR","Alveolata","Dinoflagellata","Dinophyceae","Gymnodiniales","Gymnodiniaceae","Gyrodinium","Gyrodinium fusiforme","Dinoflagellata","Gyrodinium fusiforme","Gyrodinium","fusiforme","","Heterotroph","SH","31.1 - 39.9 µm","40 µm","","","","+","","","","","","+","","","","","","Naustvoll (2000); Takano & Horiguchi (2004); Saito et al. (2006); Sherr & Sherr (2007)",NA,NA,NA,NA,NA,NA,NA,NA,"Gyrodinium fusiforme",0
"248","3551370e39f2f0ace89d7dda8da586b0","Eukaryota;TSAR;Alveolata;Dinoflagellata;Dinophyceae;Gymnodiniales;Gymnodiniaceae;Gyrodinium;Gyrodinium_fusiforme;","Eukaryota","TSAR","Alveolata","Dinoflagellata","Dinophyceae","Gymnodiniales","Gymnodiniaceae","Gyrodinium","Gyrodinium fusiforme","Dinoflagellata","Gyrodinium fusiforme","Gyrodinium","fusiforme","","Heterotroph","SH","31.1 - 39.9 µm","40 µm","","","","+","","","","","","+","","","","","","Naustvoll (2000); Takano & Horiguchi (2004); Saito et al. (2006); Sherr & Sherr (2007)",NA,NA,NA,NA,NA,NA,NA,NA,"Gyrodinium fusiforme",0
"249","4df7047fc1f291dd544e610b3116f9f8","Eukaryota;TSAR;Alveolata;Dinoflagellata;Dinophyceae;Gymnodiniales;Kareniaceae;Karlodinium;Karlodinium_veneficum;","Eukaryota","TSAR","Alveolata","Dinoflagellata","Dinophyceae","Gymnodiniales","Kareniaceae","Karlodinium","Karlodinium veneficum","Dinoflagellata","Karlodinium veneficum","Karlodinium","veneficum","Karlodinium micrum, Gyrodinium galatheanum","Mixotroph","CM","10.5 - 18.7 µm","10 µm","","+","","","","","+","","","+","","","","","","Li et al. (1999); Li et al. (2000); Li et al. (2001); Adolf et al. (2003); Adolf et al. (2006); Jeong et al. (2010); Calbet et al. (2011); Wang et al. (2011); Place et al. (2012); Zhou et al. (2015); Lin et al. (2018); Ferreira et al. (2022)",NA,NA,NA,NA,NA,NA,NA,NA,"Karlodinium veneficum",0
"250","5c5784eac449610a78d5a7a4f9d98ed8","Eukaryota;TSAR;Alveolata;Dinoflagellata;Dinophyceae;Prorocentrales;Prorocentraceae;Prorocentrum;Prorocentrum_cordatum;","Eukaryota","TSAR","Alveolata","Dinoflagellata","Dinophyceae","Prorocentrales","Prorocentraceae","Prorocentrum","Prorocentrum cordatum",NA,NA,NA,NA,NA,NA,NA,NA,NA,NA,NA,NA,NA,NA,NA,NA,NA,NA,NA,NA,NA,NA,NA,NA,NA,NA,NA,NA,NA,NA,NA,NA,NA,NA,NA
"251","d91587259407428d99d068292046e8e4","Eukaryota;TSAR;Alveolata;Dinoflagellata;Dinophyceae;Gymnodiniales;Kareniaceae;Karlodinium;Karlodinium_veneficum;","Eukaryota","TSAR","Alveolata","Dinoflagellata","Dinophyceae","Gymnodiniales","Kareniaceae","Karlodinium","Karlodinium veneficum","Dinoflagellata","Karlodinium veneficum","Karlodinium","veneficum","Karlodinium micrum, Gyrodinium galatheanum","Mixotroph","CM","10.5 - 18.7 µm","10 µm","","+","","","","","+","","","+","","","","","","Li et al. (1999); Li et al. (2000); Li et al. (2001); Adolf et al. (2003); Adolf et al. (2006); Jeong et al. (2010); Calbet et al. (2011); Wang et al. (2011); Place et al. (2012); Zhou et al. (2015); Lin et al. (2018); Ferreira et al. (2022)",NA,NA,NA,NA,NA,NA,NA,NA,"Karlodinium veneficum",0
"252","d9dac5dfdbd3e9b95050cc7718e8fad8","Eukaryota;TSAR;Alveolata;Dinoflagellata;Dinophyceae;Gonyaulacales;Gonyaulacaceae;Spiniferites;Spiniferites_mirabilis;","Eukaryota","TSAR","Alveolata","Dinoflagellata","Dinophyceae","Gonyaulacales","Gonyaulacaceae","Spiniferites","Spiniferites mirabilis",NA,NA,NA,NA,NA,NA,NA,NA,NA,NA,NA,NA,NA,NA,NA,NA,NA,NA,NA,NA,NA,NA,NA,NA,NA,NA,NA,NA,NA,NA,NA,NA,NA,NA,NA
"253","1e1eb6f8465d66ad087374655d91af7e","Eukaryota;TSAR;Alveolata;Dinoflagellata;Dinophyceae;Gymnodiniales;Gymnodiniaceae;Margalefidinium;Margalefidinium_polykrikoides;","Eukaryota","TSAR","Alveolata","Dinoflagellata","Dinophyceae","Gymnodiniales","Gymnodiniaceae","Margalefidinium","Margalefidinium polykrikoides","Dinoflagellata","Margalefidinium polykrikoides","Margalefidinium","polykrikoides","Cochlodinium polykrikoides","Mixotroph","CM","23 - 28.8 µm","11 µm","","+","","+","+","","+","","","+","","","","","","Jeong et al. (2004); Jeong et al. (2005)",NA,NA,NA,NA,NA,NA,NA,NA,"Margalefidinium polykrikoides",0
"254","9516ba624cdba70198acf6cd6b3a0a7e","Eukaryota;TSAR;Alveolata;Dinoflagellata;Dinophyceae;Gymnodiniales;Gymnodiniaceae;Gyrodinium;Gyrodinium_fusiforme;","Eukaryota","TSAR","Alveolata","Dinoflagellata","Dinophyceae","Gymnodiniales","Gymnodiniaceae","Gyrodinium","Gyrodinium fusiforme","Dinoflagellata","Gyrodinium fusiforme","Gyrodinium","fusiforme","","Heterotroph","SH","31.1 - 39.9 µm","40 µm","","","","+","","","","","","+","","","","","","Naustvoll (2000); Takano & Horiguchi (2004); Saito et al. (2006); Sherr & Sherr (2007)",NA,NA,NA,NA,NA,NA,NA,NA,"Gyrodinium fusiforme",0
"255","ddb9b6cdf43d7e0023d3709c8722b32a","Eukaryota;TSAR;Alveolata;Dinoflagellata;Dinophyceae;Prorocentrales;Prorocentraceae;Prorocentrum;Prorocentrum_donghaiense;","Eukaryota","TSAR","Alveolata","Dinoflagellata","Dinophyceae","Prorocentrales","Prorocentraceae","Prorocentrum","Prorocentrum donghaiense",NA,NA,NA,NA,NA,NA,NA,NA,NA,NA,NA,NA,NA,NA,NA,NA,NA,NA,NA,NA,NA,NA,NA,NA,NA,NA,NA,NA,NA,NA,NA,NA,NA,NA,NA
"256","5a9475d2ac68a1ab494f45bb70a84474","Eukaryota;TSAR;Alveolata;Dinoflagellata;Dinophyceae;Gymnodiniales;Gymnodiniaceae;Gyrodinium;Gyrodinium_fusiforme;","Eukaryota","TSAR","Alveolata","Dinoflagellata","Dinophyceae","Gymnodiniales","Gymnodiniaceae","Gyrodinium","Gyrodinium fusiforme","Dinoflagellata","Gyrodinium fusiforme","Gyrodinium","fusiforme","","Heterotroph","SH","31.1 - 39.9 µm","40 µm","","","","+","","","","","","+","","","","","","Naustvoll (2000); Takano & Horiguchi (2004); Saito et al. (2006); Sherr & Sherr (2007)",NA,NA,NA,NA,NA,NA,NA,NA,"Gyrodinium fusiforme",0
"257","0c614b5e0ea61f800488eb197a14065e","Eukaryota;TSAR;Alveolata;Dinoflagellata;Dinophyceae;Gonyaulacales;Gonyaulacaceae;Gonyaulax;Gonyaulax_elongata;","Eukaryota","TSAR","Alveolata","Dinoflagellata","Dinophyceae","Gonyaulacales","Gonyaulacaceae","Gonyaulax","Gonyaulax elongata",NA,NA,NA,NA,NA,NA,NA,NA,NA,NA,NA,NA,NA,NA,NA,NA,NA,NA,NA,NA,NA,NA,NA,NA,NA,NA,NA,NA,NA,NA,NA,NA,NA,NA,NA
"258","d18826bc3618969ef1f7bc029e281600","Eukaryota;TSAR;Alveolata;Dinoflagellata;Dinophyceae;Gymnodiniales;Gymnodiniaceae;Margalefidinium;Margalefidinium_polykrikoides;","Eukaryota","TSAR","Alveolata","Dinoflagellata","Dinophyceae","Gymnodiniales","Gymnodiniaceae","Margalefidinium","Margalefidinium polykrikoides","Dinoflagellata","Margalefidinium polykrikoides","Margalefidinium","polykrikoides","Cochlodinium polykrikoides","Mixotroph","CM","23 - 28.8 µm","11 µm","","+","","+","+","","+","","","+","","","","","","Jeong et al. (2004); Jeong et al. (2005)",NA,NA,NA,NA,NA,NA,NA,NA,"Margalefidinium polykrikoides",0
"259","cc40506972100507e678b3ff1753e3e8","Eukaryota;TSAR;Alveolata;Dinoflagellata;Dinophyceae;Peridiniales;Amphidomataceae;Amphidoma;Amphidoma_languida;","Eukaryota","TSAR","Alveolata","Dinoflagellata","Dinophyceae","Peridiniales","Amphidomataceae","Amphidoma","Amphidoma languida","Dinoflagellata","Amphidoma languida","Amphidoma","languida","","Mixotroph","CM*","14.4 µm","not recorded","","+","","","","","","","","","","","","","","Stoecker (1999); Tillmann et al. (2015); Duhamel et al. (2019)",NA,NA,NA,NA,NA,NA,NA,NA,"Amphidoma languida",0
"260","78f5918aa4173ebbe7420ac2b0aca90a","Eukaryota;TSAR;Alveolata;Dinoflagellata;Dinophyceae;Gonyaulacales;Lingulodiniaceae;Lingulodinium;Lingulodinium_polyedra;","Eukaryota","TSAR","Alveolata","Dinoflagellata","Dinophyceae","Gonyaulacales","Lingulodiniaceae","Lingulodinium","Lingulodinium polyedra","Dinoflagellata","Lingulodinium polyedrum","Lingulodinium","polyedrum","L. polyedra","Mixotroph","CM","34.6 - 42.2 µm","28.1 µm","","+","","+","","","","","","+","","","","","","Jeong et al. (2005a); Jeong et al. (2005b); Yoo et al. (2009); Lee et al. (2016); Jeong et al. (2021)",NA,NA,NA,NA,NA,NA,NA,NA,"Lingulodinium polyedrum",2
"261","cfbf648d94abb8b524ed9b732b8fc6bb","Eukaryota;TSAR;Alveolata;Dinoflagellata;Dinophyceae;Peridiniales;Amphidomataceae;Amphidoma;Amphidoma_languida;","Eukaryota","TSAR","Alveolata","Dinoflagellata","Dinophyceae","Peridiniales","Amphidomataceae","Amphidoma","Amphidoma languida","Dinoflagellata","Amphidoma languida","Amphidoma","languida","","Mixotroph","CM*","14.4 µm","not recorded","","+","","","","","","","","","","","","","","Stoecker (1999); Tillmann et al. (2015); Duhamel et al. (2019)",NA,NA,NA,NA,NA,NA,NA,NA,"Amphidoma languida",0
"262","9b7ffb18c16238f8c479715ea47196fa","Eukaryota;TSAR;Alveolata;Dinoflagellata;Dinophyceae;Peridiniales;Heterocapsaceae;Heterocapsa;Heterocapsa_nei/rotundata;","Eukaryota","TSAR","Alveolata","Dinoflagellata","Dinophyceae","Peridiniales","Heterocapsaceae","Heterocapsa","Heterocapsa nei/rotundata","Dinoflagellata","Heterocapsa nei/rotundata","Heterocapsa","nei/rotundata","","Mixotroph","CM","5.4 - 6.2 µm"," < 5 µm","","+","","+","","","","","","","","","","","","Jeong et al. (2005); Yoo et al. (2009); Jeong et al. (2010); Blossom et al. (2017); Millette et al. (2017); Lee et al. (2019)",NA,NA,NA,NA,NA,NA,NA,NA,"Heterocapsa nei/rotundata",0
"263","3767fed75da5462008630b50485ad9cd","Eukaryota;TSAR;Alveolata;Dinoflagellata;Dinophyceae;Gonyaulacales;Gonyaulacaceae;Gonyaulax;Gonyaulax_polygramma;","Eukaryota","TSAR","Alveolata","Dinoflagellata","Dinophyceae","Gonyaulacales","Gonyaulacaceae","Gonyaulax","Gonyaulax polygramma","Dinoflagellata","Gonyaulax polygramma","Gonyaulax","polygramma","G. schuetti","Mixotroph","CM","29.5 - 39.4 µm","20 µm","","+","","","","","+","","","+","","","","","","Jacobson & Anderson (1996); Jeong et al. (2005); Lee et al. (2016)",NA,NA,NA,NA,NA,NA,NA,NA,"Gonyaulax polygramma",0
"264","78b24507845483e990149d75bc8ae32f","Eukaryota;TSAR;Alveolata;Dinoflagellata;Dinophyceae;Peridiniales;Amphidomataceae;Amphidoma;Amphidoma_languida;","Eukaryota","TSAR","Alveolata","Dinoflagellata","Dinophyceae","Peridiniales","Amphidomataceae","Amphidoma","Amphidoma languida","Dinoflagellata","Amphidoma languida","Amphidoma","languida","","Mixotroph","CM*","14.4 µm","not recorded","","+","","","","","","","","","","","","","","Stoecker (1999); Tillmann et al. (2015); Duhamel et al. (2019)",NA,NA,NA,NA,NA,NA,NA,NA,"Amphidoma languida",0
"265","d9fa9161ac35642f6f43694aaba4a0ed","Eukaryota;TSAR;Alveolata;Dinoflagellata;Dinophyceae;Gymnodiniales;Kareniaceae;Karlodinium;Karlodinium_veneficum;","Eukaryota","TSAR","Alveolata","Dinoflagellata","Dinophyceae","Gymnodiniales","Kareniaceae","Karlodinium","Karlodinium veneficum","Dinoflagellata","Karlodinium veneficum","Karlodinium","veneficum","Karlodinium micrum, Gyrodinium galatheanum","Mixotroph","CM","10.5 - 18.7 µm","10 µm","","+","","","","","+","","","+","","","","","","Li et al. (1999); Li et al. (2000); Li et al. (2001); Adolf et al. (2003); Adolf et al. (2006); Jeong et al. (2010); Calbet et al. (2011); Wang et al. (2011); Place et al. (2012); Zhou et al. (2015); Lin et al. (2018); Ferreira et al. (2022)",NA,NA,NA,NA,NA,NA,NA,NA,"Karlodinium veneficum",0
"266","f1f5e851588b317c99e1e95be7150b07","Eukaryota;TSAR;Alveolata;Dinoflagellata;Dinophyceae;Gymnodiniales;Gymnodiniales_X;Grammatodinium;Grammatodinium_tongyeonginum;","Eukaryota","TSAR","Alveolata","Dinoflagellata","Dinophyceae","Gymnodiniales","Gymnodiniales_X","Grammatodinium","Grammatodinium tongyeonginum","Dinoflagellata","Grammatodinium tongyeonginum","Grammatodinium","tongyeonginum","","Mixotroph","CM","22.7 - 35.6 µm","not recorded","+","","","","","","","","","","","","","","","Li et al. (2017)",NA,NA,NA,NA,NA,NA,NA,NA,"Grammatodinium tongyeonginum",0
"267","51490b33c62a63ab3a193a87ad74adf8","Eukaryota;TSAR;Alveolata;Dinoflagellata;Dinophyceae;Gymnodiniales;Gymnodiniaceae;Akashiwo;Akashiwo_sanguinea;","Eukaryota","TSAR","Alveolata","Dinoflagellata","Dinophyceae","Gymnodiniales","Gymnodiniaceae","Akashiwo","Akashiwo sanguinea","Dinoflagellata","Akashiwo sanguinea ","Akashiwo","sanguinea","Gymnodinium sanguineum, Gymnodinium splendens","Mixotroph","CM"," 27 - 59.72 µm","28 µm","","+","","","+","","+","","","+","+","","","","","Bockstahler & Coats (1993); Jeong et al. (2005); Loder et al. (2012); Wu et al. (2021); Yang et al (2021); Mitra et al. (2023)",NA,NA,NA,NA,NA,NA,NA,NA,"Akashiwo sanguinea",0
"268","4779b86ddeeff3f6d39717e9be4c2e13","Eukaryota;TSAR;Alveolata;Dinoflagellata;Dinophyceae;Gymnodiniales;Gymnodiniaceae;Gyrodinium;Gyrodinium_fusiforme;","Eukaryota","TSAR","Alveolata","Dinoflagellata","Dinophyceae","Gymnodiniales","Gymnodiniaceae","Gyrodinium","Gyrodinium fusiforme","Dinoflagellata","Gyrodinium fusiforme","Gyrodinium","fusiforme","","Heterotroph","SH","31.1 - 39.9 µm","40 µm","","","","+","","","","","","+","","","","","","Naustvoll (2000); Takano & Horiguchi (2004); Saito et al. (2006); Sherr & Sherr (2007)",NA,NA,NA,NA,NA,NA,NA,NA,"Gyrodinium fusiforme",0
"269","308f64a35b9c6463d0f15ea00a5b6610","Eukaryota;TSAR;Alveolata;Dinoflagellata;Dinophyceae;Gymnodiniales;Gymnodiniaceae;Gyrodinium;Gyrodinium_fusiforme;","Eukaryota","TSAR","Alveolata","Dinoflagellata","Dinophyceae","Gymnodiniales","Gymnodiniaceae","Gyrodinium","Gyrodinium fusiforme","Dinoflagellata","Gyrodinium fusiforme","Gyrodinium","fusiforme","","Heterotroph","SH","31.1 - 39.9 µm","40 µm","","","","+","","","","","","+","","","","","","Naustvoll (2000); Takano & Horiguchi (2004); Saito et al. (2006); Sherr & Sherr (2007)",NA,NA,NA,NA,NA,NA,NA,NA,"Gyrodinium fusiforme",0
"270","f1a9185052d2a7204349a07690b6cf4d","Eukaryota;TSAR;Alveolata;Dinoflagellata;Dinophyceae;Peridiniales;Protoperidiniaceae;Protoperidinium;Protoperidinium_conicum;","Eukaryota","TSAR","Alveolata","Dinoflagellata","Dinophyceae","Peridiniales","Protoperidiniaceae","Protoperidinium","Protoperidinium conicum","Dinoflagellata","Protoperidinium conicum","Protoperidinium","conicum","","Heterotroph","SH","45.7 - 55 µm","50 µm","","","","+","","","","","","","","","","","","Jacobson & Anderson (1986); Menden-Deuer et al. (2005)",NA,NA,NA,NA,NA,NA,NA,NA,"Protoperidinium conicum",0
"271","fc02726b6a4e9a84d98c1e46eafeb97a","Eukaryota;TSAR;Alveolata;Dinoflagellata;Dinophyceae;Gonyaulacales;Gonyaulacaceae;Gonyaulax;Gonyaulax_polygramma;","Eukaryota","TSAR","Alveolata","Dinoflagellata","Dinophyceae","Gonyaulacales","Gonyaulacaceae","Gonyaulax","Gonyaulax polygramma","Dinoflagellata","Gonyaulax polygramma","Gonyaulax","polygramma","G. schuetti","Mixotroph","CM","29.5 - 39.4 µm","20 µm","","+","","","","","+","","","+","","","","","","Jacobson & Anderson (1996); Jeong et al. (2005); Lee et al. (2016)",NA,NA,NA,NA,NA,NA,NA,NA,"Gonyaulax polygramma",0
"272","9e7b33681d8a6607efc182adaa617521","Eukaryota;TSAR;Alveolata;Dinoflagellata;Dinophyceae;Gymnodiniales;Kareniaceae;Karlodinium;Karlodinium_veneficum;","Eukaryota","TSAR","Alveolata","Dinoflagellata","Dinophyceae","Gymnodiniales","Kareniaceae","Karlodinium","Karlodinium veneficum","Dinoflagellata","Karlodinium veneficum","Karlodinium","veneficum","Karlodinium micrum, Gyrodinium galatheanum","Mixotroph","CM","10.5 - 18.7 µm","10 µm","","+","","","","","+","","","+","","","","","","Li et al. (1999); Li et al. (2000); Li et al. (2001); Adolf et al. (2003); Adolf et al. (2006); Jeong et al. (2010); Calbet et al. (2011); Wang et al. (2011); Place et al. (2012); Zhou et al. (2015); Lin et al. (2018); Ferreira et al. (2022)",NA,NA,NA,NA,NA,NA,NA,NA,"Karlodinium veneficum",0
"273","c96bf42338cb04744253a919fc61a060","Eukaryota;TSAR;Alveolata;Dinoflagellata;Dinophyceae;Gonyaulacales;Gonyaulacaceae;Spiniferites;Spiniferites_mirabilis;","Eukaryota","TSAR","Alveolata","Dinoflagellata","Dinophyceae","Gonyaulacales","Gonyaulacaceae","Spiniferites","Spiniferites mirabilis",NA,NA,NA,NA,NA,NA,NA,NA,NA,NA,NA,NA,NA,NA,NA,NA,NA,NA,NA,NA,NA,NA,NA,NA,NA,NA,NA,NA,NA,NA,NA,NA,NA,NA,NA
"274","7bef6187d5757a9009d632743267ddd8","Eukaryota;TSAR;Alveolata;Dinoflagellata;Dinophyceae;Peridiniales;Amphidomataceae;Amphidoma;Amphidoma_languida;","Eukaryota","TSAR","Alveolata","Dinoflagellata","Dinophyceae","Peridiniales","Amphidomataceae","Amphidoma","Amphidoma languida","Dinoflagellata","Amphidoma languida","Amphidoma","languida","","Mixotroph","CM*","14.4 µm","not recorded","","+","","","","","","","","","","","","","","Stoecker (1999); Tillmann et al. (2015); Duhamel et al. (2019)",NA,NA,NA,NA,NA,NA,NA,NA,"Amphidoma languida",0
"275","e2daf5a785f371ed9ecfbe72cfc02e6d","Eukaryota;TSAR;Alveolata;Dinoflagellata;Dinophyceae;Gymnodiniales;Gymnodiniaceae;Gyrodinium;Gyrodinium_fusiforme;","Eukaryota","TSAR","Alveolata","Dinoflagellata","Dinophyceae","Gymnodiniales","Gymnodiniaceae","Gyrodinium","Gyrodinium fusiforme","Dinoflagellata","Gyrodinium fusiforme","Gyrodinium","fusiforme","","Heterotroph","SH","31.1 - 39.9 µm","40 µm","","","","+","","","","","","+","","","","","","Naustvoll (2000); Takano & Horiguchi (2004); Saito et al. (2006); Sherr & Sherr (2007)",NA,NA,NA,NA,NA,NA,NA,NA,"Gyrodinium fusiforme",0
"276","f04bcfe8244c8d319a982ebbe4c9aa40","Eukaryota;TSAR;Alveolata;Dinoflagellata;Dinophyceae;Gymnodiniales;Gymnodiniaceae;Margalefidinium;Margalefidinium_polykrikoides;","Eukaryota","TSAR","Alveolata","Dinoflagellata","Dinophyceae","Gymnodiniales","Gymnodiniaceae","Margalefidinium","Margalefidinium polykrikoides","Dinoflagellata","Margalefidinium polykrikoides","Margalefidinium","polykrikoides","Cochlodinium polykrikoides","Mixotroph","CM","23 - 28.8 µm","11 µm","","+","","+","+","","+","","","+","","","","","","Jeong et al. (2004); Jeong et al. (2005)",NA,NA,NA,NA,NA,NA,NA,NA,"Margalefidinium polykrikoides",0
"277","334c995189d3647211ed55545ccb82de","Eukaryota;TSAR;Alveolata;Dinoflagellata;Dinophyceae;Gonyaulacales;Protoceratiaceae;Schuettiella;Schuettiella_mitra;","Eukaryota","TSAR","Alveolata","Dinoflagellata","Dinophyceae","Gonyaulacales","Protoceratiaceae","Schuettiella","Schuettiella mitra",NA,NA,NA,NA,NA,NA,NA,NA,NA,NA,NA,NA,NA,NA,NA,NA,NA,NA,NA,NA,NA,NA,NA,NA,NA,NA,NA,NA,NA,NA,NA,NA,NA,NA,NA
"278","188798fc392e69333140e037a8b02ff4","Eukaryota;TSAR;Alveolata;Dinoflagellata;Dinophyceae;Peridiniales;Amphidomataceae;Amphidoma;Amphidoma_languida;","Eukaryota","TSAR","Alveolata","Dinoflagellata","Dinophyceae","Peridiniales","Amphidomataceae","Amphidoma","Amphidoma languida","Dinoflagellata","Amphidoma languida","Amphidoma","languida","","Mixotroph","CM*","14.4 µm","not recorded","","+","","","","","","","","","","","","","","Stoecker (1999); Tillmann et al. (2015); Duhamel et al. (2019)",NA,NA,NA,NA,NA,NA,NA,NA,"Amphidoma languida",0
"279","cb911dc8277a9c1ae3a2e751d2dfad90","Eukaryota;TSAR;Alveolata;Dinoflagellata;Dinophyceae;Gymnodiniales;Gymnodiniaceae;Gyrodinium;Gyrodinium_fusiforme;","Eukaryota","TSAR","Alveolata","Dinoflagellata","Dinophyceae","Gymnodiniales","Gymnodiniaceae","Gyrodinium","Gyrodinium fusiforme","Dinoflagellata","Gyrodinium fusiforme","Gyrodinium","fusiforme","","Heterotroph","SH","31.1 - 39.9 µm","40 µm","","","","+","","","","","","+","","","","","","Naustvoll (2000); Takano & Horiguchi (2004); Saito et al. (2006); Sherr & Sherr (2007)",NA,NA,NA,NA,NA,NA,NA,NA,"Gyrodinium fusiforme",0
"280","d5c5b54f61dbcaad41a676a48a67dbcb","Eukaryota;TSAR;Alveolata;Dinoflagellata;Dinophyceae;Gymnodiniales;Gymnodiniaceae;Gyrodinium;Gyrodinium_fusiforme;","Eukaryota","TSAR","Alveolata","Dinoflagellata","Dinophyceae","Gymnodiniales","Gymnodiniaceae","Gyrodinium","Gyrodinium fusiforme","Dinoflagellata","Gyrodinium fusiforme","Gyrodinium","fusiforme","","Heterotroph","SH","31.1 - 39.9 µm","40 µm","","","","+","","","","","","+","","","","","","Naustvoll (2000); Takano & Horiguchi (2004); Saito et al. (2006); Sherr & Sherr (2007)",NA,NA,NA,NA,NA,NA,NA,NA,"Gyrodinium fusiforme",0
"281","c5c3d33982ad362dbf3ca6dd6827f3e0","Eukaryota;TSAR;Alveolata;Dinoflagellata;Dinophyceae;Dinophysiales;Oxyphysiaceae;Phalachroma;Phalacroma_doryphorum;","Eukaryota","TSAR","Alveolata","Dinoflagellata","Dinophyceae","Dinophysiales","Oxyphysiaceae","Phalachroma","Phalacroma doryphorum",NA,NA,NA,NA,NA,NA,NA,NA,NA,NA,NA,NA,NA,NA,NA,NA,NA,NA,NA,NA,NA,NA,NA,NA,NA,NA,NA,NA,NA,NA,NA,NA,NA,NA,NA
"282","cba17759a9a71de6ec05f8b38bf466ef","Eukaryota;TSAR;Alveolata;Dinoflagellata;Dinophyceae;Gonyaulacales;Gonyaulacaceae;Gonyaulax;Gonyaulax_elongata;","Eukaryota","TSAR","Alveolata","Dinoflagellata","Dinophyceae","Gonyaulacales","Gonyaulacaceae","Gonyaulax","Gonyaulax elongata",NA,NA,NA,NA,NA,NA,NA,NA,NA,NA,NA,NA,NA,NA,NA,NA,NA,NA,NA,NA,NA,NA,NA,NA,NA,NA,NA,NA,NA,NA,NA,NA,NA,NA,NA
"283","9647aba846d849257923a89628562996","Eukaryota;TSAR;Alveolata;Dinoflagellata;Dinophyceae;Gonyaulacales;Pyrocystaceae;Alexandrium;Alexandrium_affine;","Eukaryota","TSAR","Alveolata","Dinoflagellata","Dinophyceae","Gonyaulacales","Pyrocystaceae","Alexandrium","Alexandrium affine","Dinoflagellata","Alexandrium affine","Alexandrium","affine","","Autotroph","","30.1 - 31.9 µm","not recorded","","","","","","","","","","","","","","","","Lee et al. (2016); Kim et al. (2017)",NA,NA,NA,NA,NA,NA,NA,NA,"Alexandrium affine",0
"284","901213d001524ea49e1c8822e7bc1f4f","Eukaryota;TSAR;Alveolata;Dinoflagellata;Dinophyceae;Gonyaulacales;Pyrocystaceae;Fragilidium;Fragilidium_mexicanum;","Eukaryota","TSAR","Alveolata","Dinoflagellata","Dinophyceae","Gonyaulacales","Pyrocystaceae","Fragilidium","Fragilidium mexicanum","Dinoflagellata","Fragilidium mexicanum","Fragilidium","mexicanum","","Mixotroph","CM","56.4 µm","56 µm (L)","","","","","","","","","","+","","","","","","Balech (1988); Jeong et al. (1997, 1999)",NA,NA,NA,NA,NA,NA,NA,NA,"Fragilidium mexicanum",0
"285","df5dec0cc7858b77abf6f6657309db84","Eukaryota;TSAR;Alveolata;Dinoflagellata;Dinophyceae;Gymnodiniales;Kareniaceae;Karlodinium;Karlodinium_veneficum;","Eukaryota","TSAR","Alveolata","Dinoflagellata","Dinophyceae","Gymnodiniales","Kareniaceae","Karlodinium","Karlodinium veneficum","Dinoflagellata","Karlodinium veneficum","Karlodinium","veneficum","Karlodinium micrum, Gyrodinium galatheanum","Mixotroph","CM","10.5 - 18.7 µm","10 µm","","+","","","","","+","","","+","","","","","","Li et al. (1999); Li et al. (2000); Li et al. (2001); Adolf et al. (2003); Adolf et al. (2006); Jeong et al. (2010); Calbet et al. (2011); Wang et al. (2011); Place et al. (2012); Zhou et al. (2015); Lin et al. (2018); Ferreira et al. (2022)",NA,NA,NA,NA,NA,NA,NA,NA,"Karlodinium veneficum",0
"286","e26c85ec85bc5fe501b0c2dd9fc17579","Eukaryota;TSAR;Alveolata;Dinoflagellata;Dinophyceae;Gonyaulacales;Pyrocystaceae;Alexandrium;Alexandrium_ostenfeldii;","Eukaryota","TSAR","Alveolata","Dinoflagellata","Dinophyceae","Gonyaulacales","Pyrocystaceae","Alexandrium","Alexandrium ostenfeldii","Dinoflagellata","Alexandrium ostenfeldii","Alexandrium","ostenfeldii","Alexandriun peruvianum","Mixotroph","CM","46.2 - 62.6 µm","48 µm","","","","","","","","","","+","+","","","","","Jacobson and Anderson (1996); Gribble et al. (2005); Blossom et al. (2012); Lee et al. (2016); Blossom et al. (2017); Mitra et al. (2023)",NA,NA,NA,NA,NA,NA,NA,NA,"Alexandrium ostenfeldii",0
"287","cc4f44201bd760a696f58820dad6644e","Eukaryota;TSAR;Alveolata;Dinoflagellata;Dinophyceae;Prorocentrales;Prorocentraceae;Prorocentrum;Prorocentrum_cordatum;","Eukaryota","TSAR","Alveolata","Dinoflagellata","Dinophyceae","Prorocentrales","Prorocentraceae","Prorocentrum","Prorocentrum cordatum",NA,NA,NA,NA,NA,NA,NA,NA,NA,NA,NA,NA,NA,NA,NA,NA,NA,NA,NA,NA,NA,NA,NA,NA,NA,NA,NA,NA,NA,NA,NA,NA,NA,NA,NA
"288","7dfb6520dfdab7e474d69715b226fcbf","Eukaryota;TSAR;Alveolata;Dinoflagellata;Dinophyceae;Gonyaulacales;Protoceratiaceae;Schuettiella;Schuettiella_mitra;","Eukaryota","TSAR","Alveolata","Dinoflagellata","Dinophyceae","Gonyaulacales","Protoceratiaceae","Schuettiella","Schuettiella mitra",NA,NA,NA,NA,NA,NA,NA,NA,NA,NA,NA,NA,NA,NA,NA,NA,NA,NA,NA,NA,NA,NA,NA,NA,NA,NA,NA,NA,NA,NA,NA,NA,NA,NA,NA
"289","755b3a37d30b88e9051460514e8a97d8","Eukaryota;TSAR;Alveolata;Dinoflagellata;Dinophyceae;Gymnodiniales;Gymnodiniaceae;Akashiwo;Akashiwo_sanguinea;","Eukaryota","TSAR","Alveolata","Dinoflagellata","Dinophyceae","Gymnodiniales","Gymnodiniaceae","Akashiwo","Akashiwo sanguinea","Dinoflagellata","Akashiwo sanguinea ","Akashiwo","sanguinea","Gymnodinium sanguineum, Gymnodinium splendens","Mixotroph","CM"," 27 - 59.72 µm","28 µm","","+","","","+","","+","","","+","+","","","","","Bockstahler & Coats (1993); Jeong et al. (2005); Loder et al. (2012); Wu et al. (2021); Yang et al (2021); Mitra et al. (2023)",NA,NA,NA,NA,NA,NA,NA,NA,"Akashiwo sanguinea",0
"290","78a97b4678f56881223f4ef42290fee9","Eukaryota;TSAR;Alveolata;Dinoflagellata;Dinophyceae;Gymnodiniales;Gymnodiniaceae;Gyrodinium;Gyrodinium_fusiforme;","Eukaryota","TSAR","Alveolata","Dinoflagellata","Dinophyceae","Gymnodiniales","Gymnodiniaceae","Gyrodinium","Gyrodinium fusiforme","Dinoflagellata","Gyrodinium fusiforme","Gyrodinium","fusiforme","","Heterotroph","SH","31.1 - 39.9 µm","40 µm","","","","+","","","","","","+","","","","","","Naustvoll (2000); Takano & Horiguchi (2004); Saito et al. (2006); Sherr & Sherr (2007)",NA,NA,NA,NA,NA,NA,NA,NA,"Gyrodinium fusiforme",0
"291","82669cde4a2aa6d49582e919dc7997d0","Eukaryota;TSAR;Alveolata;Dinoflagellata;Dinophyceae;Gonyaulacales;Pyrocystaceae;Alexandrium;Alexandrium_affine;","Eukaryota","TSAR","Alveolata","Dinoflagellata","Dinophyceae","Gonyaulacales","Pyrocystaceae","Alexandrium","Alexandrium affine","Dinoflagellata","Alexandrium affine","Alexandrium","affine","","Autotroph","","30.1 - 31.9 µm","not recorded","","","","","","","","","","","","","","","","Lee et al. (2016); Kim et al. (2017)",NA,NA,NA,NA,NA,NA,NA,NA,"Alexandrium affine",0
"292","1c913f595fac8a1c285077f22aa80098","Eukaryota;TSAR;Alveolata;Dinoflagellata;Dinophyceae;Gymnodiniales;Gymnodiniaceae;Gyrodinium;Gyrodinium_spirale;","Eukaryota","TSAR","Alveolata","Dinoflagellata","Dinophyceae","Gymnodiniales","Gymnodiniaceae","Gyrodinium","Gyrodinium spirale","Dinoflagellata","Gyrodinium spirale","Gyrodinium","spirale","","Heterotroph","SH","70.4 - 93.9 µm","95 µm","","","","+","","","","","","+","","","","","","Hansen (1992); Hansen & Daugbjerg (2004); Takano & Horiguchi (2004)",NA,NA,NA,NA,NA,NA,NA,NA,"Gyrodinium spirale",0
"293","73cda47e925223d1b4c0d39e02e04ab3","Eukaryota;TSAR;Alveolata;Dinoflagellata;Dinophyceae;Gonyaulacales;Gonyaulacaceae;Spiniferites;Spiniferites_mirabilis;","Eukaryota","TSAR","Alveolata","Dinoflagellata","Dinophyceae","Gonyaulacales","Gonyaulacaceae","Spiniferites","Spiniferites mirabilis",NA,NA,NA,NA,NA,NA,NA,NA,NA,NA,NA,NA,NA,NA,NA,NA,NA,NA,NA,NA,NA,NA,NA,NA,NA,NA,NA,NA,NA,NA,NA,NA,NA,NA,NA
"294","dd526057b8fd5a7f53ee7fc4964ccafe","Eukaryota;TSAR;Alveolata;Dinoflagellata;Dinophyceae;Prorocentrales;Prorocentraceae;Prorocentrum;Prorocentrum_donghaiense;","Eukaryota","TSAR","Alveolata","Dinoflagellata","Dinophyceae","Prorocentrales","Prorocentraceae","Prorocentrum","Prorocentrum donghaiense",NA,NA,NA,NA,NA,NA,NA,NA,NA,NA,NA,NA,NA,NA,NA,NA,NA,NA,NA,NA,NA,NA,NA,NA,NA,NA,NA,NA,NA,NA,NA,NA,NA,NA,NA
"295","62ec3584e33474c6deda190e353d1255","Eukaryota;TSAR;Alveolata;Dinoflagellata;Dinophyceae;Gymnodiniales;Gymnodiniaceae;Gyrodinium;Gyrodinium_fusiforme;","Eukaryota","TSAR","Alveolata","Dinoflagellata","Dinophyceae","Gymnodiniales","Gymnodiniaceae","Gyrodinium","Gyrodinium fusiforme","Dinoflagellata","Gyrodinium fusiforme","Gyrodinium","fusiforme","","Heterotroph","SH","31.1 - 39.9 µm","40 µm","","","","+","","","","","","+","","","","","","Naustvoll (2000); Takano & Horiguchi (2004); Saito et al. (2006); Sherr & Sherr (2007)",NA,NA,NA,NA,NA,NA,NA,NA,"Gyrodinium fusiforme",0
"296","bfe32b2344e2a6dfd5881dd4c06c76b3","Eukaryota;TSAR;Alveolata;Dinoflagellata;Dinophyceae;Gymnodiniales;Gymnodiniaceae;Margalefidinium;Margalefidinium_polykrikoides;","Eukaryota","TSAR","Alveolata","Dinoflagellata","Dinophyceae","Gymnodiniales","Gymnodiniaceae","Margalefidinium","Margalefidinium polykrikoides","Dinoflagellata","Margalefidinium polykrikoides","Margalefidinium","polykrikoides","Cochlodinium polykrikoides","Mixotroph","CM","23 - 28.8 µm","11 µm","","+","","+","+","","+","","","+","","","","","","Jeong et al. (2004); Jeong et al. (2005)",NA,NA,NA,NA,NA,NA,NA,NA,"Margalefidinium polykrikoides",0
"297","1f5172362fcbd07c3950775889d35be2","Eukaryota;TSAR;Alveolata;Dinoflagellata;Dinophyceae;Gymnodiniales;Gymnodiniaceae;Gyrodinium;Gyrodinium_fusiforme;","Eukaryota","TSAR","Alveolata","Dinoflagellata","Dinophyceae","Gymnodiniales","Gymnodiniaceae","Gyrodinium","Gyrodinium fusiforme","Dinoflagellata","Gyrodinium fusiforme","Gyrodinium","fusiforme","","Heterotroph","SH","31.1 - 39.9 µm","40 µm","","","","+","","","","","","+","","","","","","Naustvoll (2000); Takano & Horiguchi (2004); Saito et al. (2006); Sherr & Sherr (2007)",NA,NA,NA,NA,NA,NA,NA,NA,"Gyrodinium fusiforme",0
"298","b98a8e29ea3bb70248442dc1770b347f","Eukaryota;TSAR;Alveolata;Dinoflagellata;Dinophyceae;Prorocentrales;Prorocentraceae;Prorocentrum;Prorocentrum_donghaiense;","Eukaryota","TSAR","Alveolata","Dinoflagellata","Dinophyceae","Prorocentrales","Prorocentraceae","Prorocentrum","Prorocentrum donghaiense",NA,NA,NA,NA,NA,NA,NA,NA,NA,NA,NA,NA,NA,NA,NA,NA,NA,NA,NA,NA,NA,NA,NA,NA,NA,NA,NA,NA,NA,NA,NA,NA,NA,NA,NA
"299","a6736f12ccbc8f68c636c3bbdc64498e","Eukaryota;TSAR;Alveolata;Dinoflagellata;Dinophyceae;Gonyaulacales;Pyrocystaceae;Alexandrium;Alexandrium_affine;","Eukaryota","TSAR","Alveolata","Dinoflagellata","Dinophyceae","Gonyaulacales","Pyrocystaceae","Alexandrium","Alexandrium affine","Dinoflagellata","Alexandrium affine","Alexandrium","affine","","Autotroph","","30.1 - 31.9 µm","not recorded","","","","","","","","","","","","","","","","Lee et al. (2016); Kim et al. (2017)",NA,NA,NA,NA,NA,NA,NA,NA,"Alexandrium affine",0
"300","a0697ff3096176a34a0eed4ac893d8a4","Eukaryota;TSAR;Alveolata;Dinoflagellata;Dinophyceae;Gonyaulacales;Gonyaulacaceae;Gonyaulax;Gonyaulax_elongata;","Eukaryota","TSAR","Alveolata","Dinoflagellata","Dinophyceae","Gonyaulacales","Gonyaulacaceae","Gonyaulax","Gonyaulax elongata",NA,NA,NA,NA,NA,NA,NA,NA,NA,NA,NA,NA,NA,NA,NA,NA,NA,NA,NA,NA,NA,NA,NA,NA,NA,NA,NA,NA,NA,NA,NA,NA,NA,NA,NA
"301","24e3616b64b5510edf39e866b404b4d4","Eukaryota;TSAR;Alveolata;Dinoflagellata;Dinophyceae;Peridiniales;Peridiniales_X;Sabulodinium;Sabulodinium_undulatum;","Eukaryota","TSAR","Alveolata","Dinoflagellata","Dinophyceae","Peridiniales","Peridiniales_X","Sabulodinium","Sabulodinium undulatum",NA,NA,NA,NA,NA,NA,NA,NA,NA,NA,NA,NA,NA,NA,NA,NA,NA,NA,NA,NA,NA,NA,NA,NA,NA,NA,NA,NA,NA,NA,NA,NA,NA,NA,NA
"302","fea585bc63e361e1c9bab33468b2f8f4","Eukaryota;TSAR;Alveolata;Dinoflagellata;Dinophyceae;Gymnodiniales;Gymnodiniaceae;Gyrodinium;Gyrodinium_fusiforme;","Eukaryota","TSAR","Alveolata","Dinoflagellata","Dinophyceae","Gymnodiniales","Gymnodiniaceae","Gyrodinium","Gyrodinium fusiforme","Dinoflagellata","Gyrodinium fusiforme","Gyrodinium","fusiforme","","Heterotroph","SH","31.1 - 39.9 µm","40 µm","","","","+","","","","","","+","","","","","","Naustvoll (2000); Takano & Horiguchi (2004); Saito et al. (2006); Sherr & Sherr (2007)",NA,NA,NA,NA,NA,NA,NA,NA,"Gyrodinium fusiforme",0
"303","9ddd86720d8d818fababf7d70f5d26fc","Eukaryota;TSAR;Alveolata;Dinoflagellata;Dinophyceae;Peridiniales;Amphidomataceae;Amphidoma;Amphidoma_languida;","Eukaryota","TSAR","Alveolata","Dinoflagellata","Dinophyceae","Peridiniales","Amphidomataceae","Amphidoma","Amphidoma languida","Dinoflagellata","Amphidoma languida","Amphidoma","languida","","Mixotroph","CM*","14.4 µm","not recorded","","+","","","","","","","","","","","","","","Stoecker (1999); Tillmann et al. (2015); Duhamel et al. (2019)",NA,NA,NA,NA,NA,NA,NA,NA,"Amphidoma languida",0
"304","4894c4a2c1ad0255afcffca4c408d3f8","Eukaryota;TSAR;Alveolata;Dinoflagellata;Dinophyceae;Gymnodiniales;Gymnodiniaceae;Gyrodinium;Gyrodinium_fusiforme;","Eukaryota","TSAR","Alveolata","Dinoflagellata","Dinophyceae","Gymnodiniales","Gymnodiniaceae","Gyrodinium","Gyrodinium fusiforme","Dinoflagellata","Gyrodinium fusiforme","Gyrodinium","fusiforme","","Heterotroph","SH","31.1 - 39.9 µm","40 µm","","","","+","","","","","","+","","","","","","Naustvoll (2000); Takano & Horiguchi (2004); Saito et al. (2006); Sherr & Sherr (2007)",NA,NA,NA,NA,NA,NA,NA,NA,"Gyrodinium fusiforme",0
"305","851f23209e946a6e578a339fc64c81fe","Eukaryota;TSAR;Alveolata;Dinoflagellata;Dinophyceae;Gymnodiniales;Kareniaceae;Karlodinium;Karlodinium_veneficum;","Eukaryota","TSAR","Alveolata","Dinoflagellata","Dinophyceae","Gymnodiniales","Kareniaceae","Karlodinium","Karlodinium veneficum","Dinoflagellata","Karlodinium veneficum","Karlodinium","veneficum","Karlodinium micrum, Gyrodinium galatheanum","Mixotroph","CM","10.5 - 18.7 µm","10 µm","","+","","","","","+","","","+","","","","","","Li et al. (1999); Li et al. (2000); Li et al. (2001); Adolf et al. (2003); Adolf et al. (2006); Jeong et al. (2010); Calbet et al. (2011); Wang et al. (2011); Place et al. (2012); Zhou et al. (2015); Lin et al. (2018); Ferreira et al. (2022)",NA,NA,NA,NA,NA,NA,NA,NA,"Karlodinium veneficum",0
"306","00a66f2b41bfa0157c07b50f8ceb41ee","Eukaryota;TSAR;Alveolata;Dinoflagellata;Dinophyceae;Gymnodiniales;Gymnodiniaceae;Margalefidinium;Margalefidinium_polykrikoides;","Eukaryota","TSAR","Alveolata","Dinoflagellata","Dinophyceae","Gymnodiniales","Gymnodiniaceae","Margalefidinium","Margalefidinium polykrikoides","Dinoflagellata","Margalefidinium polykrikoides","Margalefidinium","polykrikoides","Cochlodinium polykrikoides","Mixotroph","CM","23 - 28.8 µm","11 µm","","+","","+","+","","+","","","+","","","","","","Jeong et al. (2004); Jeong et al. (2005)",NA,NA,NA,NA,NA,NA,NA,NA,"Margalefidinium polykrikoides",0
"307","694555c6f7c145fcf0d59c9784b227d7","Eukaryota;TSAR;Alveolata;Dinoflagellata;Dinophyceae;Peridiniales;Thoracosphaeraceae;Pfiesteria;Pfiesteria_piscicida;","Eukaryota","TSAR","Alveolata","Dinoflagellata","Dinophyceae","Peridiniales","Thoracosphaeraceae","Pfiesteria","Pfiesteria piscicida","Dinoflagellata","Pfiesteria piscicda","Pfiesteria","piscicda","","Mixotroph","pSNCM","13.5 µm","40 µm","","","","+","","","+","+","","+","","","","","","Steidinger et al. (1996); Lewitus et al. (1999); Feinstein et al. (2002); Stoecker & Gustafson (2002); Jeong et al. (2006); Kang et al. (2018); Jeong et al. (2021); Park et al. (2021)",NA,NA,NA,NA,NA,NA,NA,NA,"Pfiesteria piscicda",1
"308","67eb160ce79f4ef44b0ff8e523050a53","Eukaryota;TSAR;Alveolata;Dinoflagellata;Dinophyceae;Peridiniales;Amphidomataceae;Amphidoma;Amphidoma_languida;","Eukaryota","TSAR","Alveolata","Dinoflagellata","Dinophyceae","Peridiniales","Amphidomataceae","Amphidoma","Amphidoma languida","Dinoflagellata","Amphidoma languida","Amphidoma","languida","","Mixotroph","CM*","14.4 µm","not recorded","","+","","","","","","","","","","","","","","Stoecker (1999); Tillmann et al. (2015); Duhamel et al. (2019)",NA,NA,NA,NA,NA,NA,NA,NA,"Amphidoma languida",0
"309","18363b91dc467ece85e4dd785601c1ae","Eukaryota;TSAR;Alveolata;Dinoflagellata;Dinophyceae;Peridiniales;Amphidomataceae;Amphidoma;Amphidoma_languida;","Eukaryota","TSAR","Alveolata","Dinoflagellata","Dinophyceae","Peridiniales","Amphidomataceae","Amphidoma","Amphidoma languida","Dinoflagellata","Amphidoma languida","Amphidoma","languida","","Mixotroph","CM*","14.4 µm","not recorded","","+","","","","","","","","","","","","","","Stoecker (1999); Tillmann et al. (2015); Duhamel et al. (2019)",NA,NA,NA,NA,NA,NA,NA,NA,"Amphidoma languida",0
"310","20fe3ced3f83ca381bbc1c27875dc10f","Eukaryota;TSAR;Alveolata;Dinoflagellata;Dinophyceae;Gonyaulacales;Protoceratiaceae;Schuettiella;Schuettiella_mitra;","Eukaryota","TSAR","Alveolata","Dinoflagellata","Dinophyceae","Gonyaulacales","Protoceratiaceae","Schuettiella","Schuettiella mitra",NA,NA,NA,NA,NA,NA,NA,NA,NA,NA,NA,NA,NA,NA,NA,NA,NA,NA,NA,NA,NA,NA,NA,NA,NA,NA,NA,NA,NA,NA,NA,NA,NA,NA,NA
"311","114b96fb082cb3118a63b423f385f3aa","Eukaryota;TSAR;Alveolata;Dinoflagellata;Dinophyceae;Gonyaulacales;Gonyaulacaceae;Gonyaulax;Gonyaulax_polygramma;","Eukaryota","TSAR","Alveolata","Dinoflagellata","Dinophyceae","Gonyaulacales","Gonyaulacaceae","Gonyaulax","Gonyaulax polygramma","Dinoflagellata","Gonyaulax polygramma","Gonyaulax","polygramma","G. schuetti","Mixotroph","CM","29.5 - 39.4 µm","20 µm","","+","","","","","+","","","+","","","","","","Jacobson & Anderson (1996); Jeong et al. (2005); Lee et al. (2016)",NA,NA,NA,NA,NA,NA,NA,NA,"Gonyaulax polygramma",0
"312","6dd725b898b5b858ad80879f842ca7bf","Eukaryota;TSAR;Alveolata;Dinoflagellata;Dinophyceae;Gymnodiniales;Gymnodiniaceae;Gyrodinium;Gyrodinium_fusiforme;","Eukaryota","TSAR","Alveolata","Dinoflagellata","Dinophyceae","Gymnodiniales","Gymnodiniaceae","Gyrodinium","Gyrodinium fusiforme","Dinoflagellata","Gyrodinium fusiforme","Gyrodinium","fusiforme","","Heterotroph","SH","31.1 - 39.9 µm","40 µm","","","","+","","","","","","+","","","","","","Naustvoll (2000); Takano & Horiguchi (2004); Saito et al. (2006); Sherr & Sherr (2007)",NA,NA,NA,NA,NA,NA,NA,NA,"Gyrodinium fusiforme",0
"313","1c4400094f259a39008de583d9d51c83","Eukaryota;TSAR;Alveolata;Dinoflagellata;Dinophyceae;Gymnodiniales;Kareniaceae;Karlodinium;Karlodinium_veneficum;","Eukaryota","TSAR","Alveolata","Dinoflagellata","Dinophyceae","Gymnodiniales","Kareniaceae","Karlodinium","Karlodinium veneficum","Dinoflagellata","Karlodinium veneficum","Karlodinium","veneficum","Karlodinium micrum, Gyrodinium galatheanum","Mixotroph","CM","10.5 - 18.7 µm","10 µm","","+","","","","","+","","","+","","","","","","Li et al. (1999); Li et al. (2000); Li et al. (2001); Adolf et al. (2003); Adolf et al. (2006); Jeong et al. (2010); Calbet et al. (2011); Wang et al. (2011); Place et al. (2012); Zhou et al. (2015); Lin et al. (2018); Ferreira et al. (2022)",NA,NA,NA,NA,NA,NA,NA,NA,"Karlodinium veneficum",0
"314","01ffaba0d8f8904771212da4f92be732","Eukaryota;TSAR;Alveolata;Dinoflagellata;Dinophyceae;Gymnodiniales;Gymnodiniaceae;Margalefidinium;Margalefidinium_polykrikoides;","Eukaryota","TSAR","Alveolata","Dinoflagellata","Dinophyceae","Gymnodiniales","Gymnodiniaceae","Margalefidinium","Margalefidinium polykrikoides","Dinoflagellata","Margalefidinium polykrikoides","Margalefidinium","polykrikoides","Cochlodinium polykrikoides","Mixotroph","CM","23 - 28.8 µm","11 µm","","+","","+","+","","+","","","+","","","","","","Jeong et al. (2004); Jeong et al. (2005)",NA,NA,NA,NA,NA,NA,NA,NA,"Margalefidinium polykrikoides",0
"315","d877dfde8c4a0cf40544a20963a8a4f5","Eukaryota;TSAR;Alveolata;Dinoflagellata;Dinophyceae;Gonyaulacales;Pyrocystaceae;Alexandrium;Alexandrium_leei;","Eukaryota","TSAR","Alveolata","Dinoflagellata","Dinophyceae","Gonyaulacales","Pyrocystaceae","Alexandrium","Alexandrium leei",NA,NA,NA,NA,NA,NA,NA,NA,NA,NA,NA,NA,NA,NA,NA,NA,NA,NA,NA,NA,NA,NA,NA,NA,NA,NA,NA,NA,NA,NA,NA,NA,NA,NA,NA
"316","922d2064da282251c6c7d7f5f47612ef","Eukaryota;TSAR;Alveolata;Dinoflagellata;Dinophyceae;Gonyaulacales;Gonyaulacaceae;Spiniferites;Spiniferites_mirabilis;","Eukaryota","TSAR","Alveolata","Dinoflagellata","Dinophyceae","Gonyaulacales","Gonyaulacaceae","Spiniferites","Spiniferites mirabilis",NA,NA,NA,NA,NA,NA,NA,NA,NA,NA,NA,NA,NA,NA,NA,NA,NA,NA,NA,NA,NA,NA,NA,NA,NA,NA,NA,NA,NA,NA,NA,NA,NA,NA,NA
"317","0491b85d600b99b5d41ce303b4df316b","Eukaryota;TSAR;Alveolata;Dinoflagellata;Dinophyceae;Gymnodiniales;Gymnodiniaceae;Gyrodinium;Gyrodinium_fusiforme;","Eukaryota","TSAR","Alveolata","Dinoflagellata","Dinophyceae","Gymnodiniales","Gymnodiniaceae","Gyrodinium","Gyrodinium fusiforme","Dinoflagellata","Gyrodinium fusiforme","Gyrodinium","fusiforme","","Heterotroph","SH","31.1 - 39.9 µm","40 µm","","","","+","","","","","","+","","","","","","Naustvoll (2000); Takano & Horiguchi (2004); Saito et al. (2006); Sherr & Sherr (2007)",NA,NA,NA,NA,NA,NA,NA,NA,"Gyrodinium fusiforme",0
"318","58e3eb79a311c6bda26fa474a956fef1","Eukaryota;TSAR;Alveolata;Dinoflagellata;Dinophyceae;Gonyaulacales;Gonyaulacaceae;Gonyaulax;Gonyaulax_polygramma;","Eukaryota","TSAR","Alveolata","Dinoflagellata","Dinophyceae","Gonyaulacales","Gonyaulacaceae","Gonyaulax","Gonyaulax polygramma","Dinoflagellata","Gonyaulax polygramma","Gonyaulax","polygramma","G. schuetti","Mixotroph","CM","29.5 - 39.4 µm","20 µm","","+","","","","","+","","","+","","","","","","Jacobson & Anderson (1996); Jeong et al. (2005); Lee et al. (2016)",NA,NA,NA,NA,NA,NA,NA,NA,"Gonyaulax polygramma",0
"319","961069a1ff35e88efe42e9d28bc0d96d","Eukaryota;TSAR;Alveolata;Dinoflagellata;Dinophyceae;Peridiniales;Podolampadaceae;Lessardia;Lessardia_elongata;","Eukaryota","TSAR","Alveolata","Dinoflagellata","Dinophyceae","Peridiniales","Podolampadaceae","Lessardia","Lessardia elongata","Dinoflagellata","Lessardia elongata","Lessardia","elongata","Gymnodinium elongatum","Heterotroph","SH*","11.0 - 19.5 µm","not recorded","","","","","","","+","","","","","","","","","Sherr & Sherr (2002); Saldarriaga et al. (2003); Eker-Develi & Velikova (2009)",NA,NA,NA,NA,NA,NA,NA,NA,"Lessardia elongata",0
"320","f9a4ea165ddc0c9d739502012e902f78","Eukaryota;TSAR;Alveolata;Dinoflagellata;Dinophyceae;Gonyaulacales;Gonyaulacaceae;Gonyaulax;Gonyaulax_elongata;","Eukaryota","TSAR","Alveolata","Dinoflagellata","Dinophyceae","Gonyaulacales","Gonyaulacaceae","Gonyaulax","Gonyaulax elongata",NA,NA,NA,NA,NA,NA,NA,NA,NA,NA,NA,NA,NA,NA,NA,NA,NA,NA,NA,NA,NA,NA,NA,NA,NA,NA,NA,NA,NA,NA,NA,NA,NA,NA,NA
"321","25e1c89035737a2d8386b78cda592b75","Eukaryota;TSAR;Alveolata;Dinoflagellata;Dinophyceae;Gonyaulacales;Pyrocystaceae;Alexandrium;Alexandrium_tamiyavanichii;","Eukaryota","TSAR","Alveolata","Dinoflagellata","Dinophyceae","Gonyaulacales","Pyrocystaceae","Alexandrium","Alexandrium tamiyavanichii",NA,NA,NA,NA,NA,NA,NA,NA,NA,NA,NA,NA,NA,NA,NA,NA,NA,NA,NA,NA,NA,NA,NA,NA,NA,NA,NA,NA,NA,NA,NA,NA,NA,NA,NA
"322","474fd7491136a21d84ed09aa6b766333","Eukaryota;TSAR;Alveolata;Dinoflagellata;Dinophyceae;Peridiniales;Amphidomataceae;Amphidoma;Amphidoma_languida;","Eukaryota","TSAR","Alveolata","Dinoflagellata","Dinophyceae","Peridiniales","Amphidomataceae","Amphidoma","Amphidoma languida","Dinoflagellata","Amphidoma languida","Amphidoma","languida","","Mixotroph","CM*","14.4 µm","not recorded","","+","","","","","","","","","","","","","","Stoecker (1999); Tillmann et al. (2015); Duhamel et al. (2019)",NA,NA,NA,NA,NA,NA,NA,NA,"Amphidoma languida",0
"323","eb947ea18d738b34f202d85a8d195562","Eukaryota;TSAR;Alveolata;Dinoflagellata;Dinophyceae;Gymnodiniales;Kareniaceae;Karlodinium;Karlodinium_veneficum;","Eukaryota","TSAR","Alveolata","Dinoflagellata","Dinophyceae","Gymnodiniales","Kareniaceae","Karlodinium","Karlodinium veneficum","Dinoflagellata","Karlodinium veneficum","Karlodinium","veneficum","Karlodinium micrum, Gyrodinium galatheanum","Mixotroph","CM","10.5 - 18.7 µm","10 µm","","+","","","","","+","","","+","","","","","","Li et al. (1999); Li et al. (2000); Li et al. (2001); Adolf et al. (2003); Adolf et al. (2006); Jeong et al. (2010); Calbet et al. (2011); Wang et al. (2011); Place et al. (2012); Zhou et al. (2015); Lin et al. (2018); Ferreira et al. (2022)",NA,NA,NA,NA,NA,NA,NA,NA,"Karlodinium veneficum",0
"324","28ab645635935ef5695bb03b39a909fd","Eukaryota;TSAR;Alveolata;Dinoflagellata;Dinophyceae;Gymnodiniales;Gymnodiniales_X;Grammatodinium;Grammatodinium_tongyeonginum;","Eukaryota","TSAR","Alveolata","Dinoflagellata","Dinophyceae","Gymnodiniales","Gymnodiniales_X","Grammatodinium","Grammatodinium tongyeonginum","Dinoflagellata","Grammatodinium tongyeonginum","Grammatodinium","tongyeonginum","","Mixotroph","CM","22.7 - 35.6 µm","not recorded","+","","","","","","","","","","","","","","","Li et al. (2017)",NA,NA,NA,NA,NA,NA,NA,NA,"Grammatodinium tongyeonginum",0
"325","424b7c8ceb3030d963fa771f25bb302b","Eukaryota;TSAR;Alveolata;Dinoflagellata;Dinophyceae;Gymnodiniales;Gymnodiniaceae;Margalefidinium;Margalefidinium_polykrikoides;","Eukaryota","TSAR","Alveolata","Dinoflagellata","Dinophyceae","Gymnodiniales","Gymnodiniaceae","Margalefidinium","Margalefidinium polykrikoides","Dinoflagellata","Margalefidinium polykrikoides","Margalefidinium","polykrikoides","Cochlodinium polykrikoides","Mixotroph","CM","23 - 28.8 µm","11 µm","","+","","+","+","","+","","","+","","","","","","Jeong et al. (2004); Jeong et al. (2005)",NA,NA,NA,NA,NA,NA,NA,NA,"Margalefidinium polykrikoides",0
"326","c3514881506c7be55c0c73450c121590","Eukaryota;TSAR;Alveolata;Dinoflagellata;Dinophyceae;Gonyaulacales;Pyrocystaceae;Alexandrium;Alexandrium_affine;","Eukaryota","TSAR","Alveolata","Dinoflagellata","Dinophyceae","Gonyaulacales","Pyrocystaceae","Alexandrium","Alexandrium affine","Dinoflagellata","Alexandrium affine","Alexandrium","affine","","Autotroph","","30.1 - 31.9 µm","not recorded","","","","","","","","","","","","","","","","Lee et al. (2016); Kim et al. (2017)",NA,NA,NA,NA,NA,NA,NA,NA,"Alexandrium affine",0
"327","1fec087a49808b425c37b301eaa4fd09","Eukaryota;TSAR;Alveolata;Dinoflagellata;Dinophyceae;Peridiniales;Amphidomataceae;Amphidoma;Amphidoma_languida;","Eukaryota","TSAR","Alveolata","Dinoflagellata","Dinophyceae","Peridiniales","Amphidomataceae","Amphidoma","Amphidoma languida","Dinoflagellata","Amphidoma languida","Amphidoma","languida","","Mixotroph","CM*","14.4 µm","not recorded","","+","","","","","","","","","","","","","","Stoecker (1999); Tillmann et al. (2015); Duhamel et al. (2019)",NA,NA,NA,NA,NA,NA,NA,NA,"Amphidoma languida",0
"328","b60cd14de82e3eace282d0e9c4744d8d","Eukaryota;TSAR;Alveolata;Dinoflagellata;Dinophyceae;Prorocentrales;Prorocentraceae;Prorocentrum;Prorocentrum_donghaiense;","Eukaryota","TSAR","Alveolata","Dinoflagellata","Dinophyceae","Prorocentrales","Prorocentraceae","Prorocentrum","Prorocentrum donghaiense",NA,NA,NA,NA,NA,NA,NA,NA,NA,NA,NA,NA,NA,NA,NA,NA,NA,NA,NA,NA,NA,NA,NA,NA,NA,NA,NA,NA,NA,NA,NA,NA,NA,NA,NA
"329","0b7253d882e1b45437006d671bf6ecb2","Eukaryota;TSAR;Alveolata;Dinoflagellata;Dinophyceae;Peridiniales;Peridiniales_X;Sabulodinium;Sabulodinium_undulatum;","Eukaryota","TSAR","Alveolata","Dinoflagellata","Dinophyceae","Peridiniales","Peridiniales_X","Sabulodinium","Sabulodinium undulatum",NA,NA,NA,NA,NA,NA,NA,NA,NA,NA,NA,NA,NA,NA,NA,NA,NA,NA,NA,NA,NA,NA,NA,NA,NA,NA,NA,NA,NA,NA,NA,NA,NA,NA,NA
"330","26ca603a2d15635c703cf5c926cecc6e","Eukaryota;TSAR;Alveolata;Dinoflagellata;Dinophyceae;Gymnodiniales;Ceratoperidiniaceae;Ceratoperidinium;Ceratoperidinium_falcatum;","Eukaryota","TSAR","Alveolata","Dinoflagellata","Dinophyceae","Gymnodiniales","Ceratoperidiniaceae","Ceratoperidinium","Ceratoperidinium falcatum","Dinoflagellata","Ceratoperidinium falcatum","Ceratoperidinium","falcatum","Pseliodinium fusus, Gyrodinium falcatum","Mixotroph","CM","25.5 - 93.3 µm","not recorded","+","","","","","","","","","","","","","","","Gárate-Lizárraga (2014); Gomez (2018)",NA,NA,NA,NA,NA,NA,NA,NA,"Ceratoperidinium falcatum",0
"331","669a7c60c72f6e9e481073c0e3afdc75","Eukaryota;TSAR;Alveolata;Dinoflagellata;Dinophyceae;Gymnodiniales;Kareniaceae;Karlodinium;Karlodinium_veneficum;","Eukaryota","TSAR","Alveolata","Dinoflagellata","Dinophyceae","Gymnodiniales","Kareniaceae","Karlodinium","Karlodinium veneficum","Dinoflagellata","Karlodinium veneficum","Karlodinium","veneficum","Karlodinium micrum, Gyrodinium galatheanum","Mixotroph","CM","10.5 - 18.7 µm","10 µm","","+","","","","","+","","","+","","","","","","Li et al. (1999); Li et al. (2000); Li et al. (2001); Adolf et al. (2003); Adolf et al. (2006); Jeong et al. (2010); Calbet et al. (2011); Wang et al. (2011); Place et al. (2012); Zhou et al. (2015); Lin et al. (2018); Ferreira et al. (2022)",NA,NA,NA,NA,NA,NA,NA,NA,"Karlodinium veneficum",0
"332","b92a65d3352b528a8823cdc1f2b9795a","Eukaryota;TSAR;Alveolata;Dinoflagellata;Dinophyceae;Gymnodiniales;Gymnodiniaceae;Gymnodinium;Gymnodinium_catenatum;","Eukaryota","TSAR","Alveolata","Dinoflagellata","Dinophyceae","Gymnodiniales","Gymnodiniaceae","Gymnodinium","Gymnodinium catenatum","Dinoflagellata","Gymnodinium catenatum ","Gymnodinium","catenatum","","Mixotroph","CM","32.3 - 53.5 µm","12.1 µm","","+","","","+","","+","","","+","","","","","","Jeong et al. (2005b. Feeding by phototrophic red-tide dinoflagellates); Jeong et al. (2021); Lambert et al. (2022)",NA,NA,NA,NA,NA,NA,NA,NA,"Gymnodinium catenatum",0
"333","016a2489a72fb0be4511a5bbc96c5f5f","Eukaryota;TSAR;Alveolata;Dinoflagellata;Dinophyceae;Gymnodiniales;Gymnodiniaceae;Gyrodinium;Gyrodinium_fusiforme;","Eukaryota","TSAR","Alveolata","Dinoflagellata","Dinophyceae","Gymnodiniales","Gymnodiniaceae","Gyrodinium","Gyrodinium fusiforme","Dinoflagellata","Gyrodinium fusiforme","Gyrodinium","fusiforme","","Heterotroph","SH","31.1 - 39.9 µm","40 µm","","","","+","","","","","","+","","","","","","Naustvoll (2000); Takano & Horiguchi (2004); Saito et al. (2006); Sherr & Sherr (2007)",NA,NA,NA,NA,NA,NA,NA,NA,"Gyrodinium fusiforme",0
"334","92c67de8841c591236dfea4812fe8df6","Eukaryota;TSAR;Alveolata;Dinoflagellata;Dinophyceae;Gymnodiniales;Kareniaceae;Karlodinium;Karlodinium_veneficum;","Eukaryota","TSAR","Alveolata","Dinoflagellata","Dinophyceae","Gymnodiniales","Kareniaceae","Karlodinium","Karlodinium veneficum","Dinoflagellata","Karlodinium veneficum","Karlodinium","veneficum","Karlodinium micrum, Gyrodinium galatheanum","Mixotroph","CM","10.5 - 18.7 µm","10 µm","","+","","","","","+","","","+","","","","","","Li et al. (1999); Li et al. (2000); Li et al. (2001); Adolf et al. (2003); Adolf et al. (2006); Jeong et al. (2010); Calbet et al. (2011); Wang et al. (2011); Place et al. (2012); Zhou et al. (2015); Lin et al. (2018); Ferreira et al. (2022)",NA,NA,NA,NA,NA,NA,NA,NA,"Karlodinium veneficum",0
"335","e74d1422c84b2f4cd5f60639e3b967ed","Eukaryota;TSAR;Alveolata;Dinoflagellata;Dinophyceae;Suessiales;Suessiaceae;Pelagodinium;Pelagodinium_beii;","Eukaryota","TSAR","Alveolata","Dinoflagellata","Dinophyceae","Suessiales","Suessiaceae","Pelagodinium","Pelagodinium beii","Dinoflagellata","Pelagodinium beii","Pelagodinium","beii","","Mixotroph","CM","4.5 µm","< 2 µm","","+","","","","","","","","","","","","","","Jeong et al. (2021); Li et al. (2022)",NA,NA,NA,NA,NA,NA,NA,NA,"Pelagodinium beii",0
"336","7d5b759537910265868762d45548c639","Eukaryota;TSAR;Alveolata;Dinoflagellata;Dinophyceae;Gymnodiniales;Gymnodiniaceae;Gyrodinium;Gyrodinium_fusiforme;","Eukaryota","TSAR","Alveolata","Dinoflagellata","Dinophyceae","Gymnodiniales","Gymnodiniaceae","Gyrodinium","Gyrodinium fusiforme","Dinoflagellata","Gyrodinium fusiforme","Gyrodinium","fusiforme","","Heterotroph","SH","31.1 - 39.9 µm","40 µm","","","","+","","","","","","+","","","","","","Naustvoll (2000); Takano & Horiguchi (2004); Saito et al. (2006); Sherr & Sherr (2007)",NA,NA,NA,NA,NA,NA,NA,NA,"Gyrodinium fusiforme",0
"337","3f0a0efe5b19970198e478c2b345f1c5","Eukaryota;TSAR;Alveolata;Dinoflagellata;Dinophyceae;Gymnodiniales;Gymnodiniaceae;Margalefidinium;Margalefidinium_polykrikoides;","Eukaryota","TSAR","Alveolata","Dinoflagellata","Dinophyceae","Gymnodiniales","Gymnodiniaceae","Margalefidinium","Margalefidinium polykrikoides","Dinoflagellata","Margalefidinium polykrikoides","Margalefidinium","polykrikoides","Cochlodinium polykrikoides","Mixotroph","CM","23 - 28.8 µm","11 µm","","+","","+","+","","+","","","+","","","","","","Jeong et al. (2004); Jeong et al. (2005)",NA,NA,NA,NA,NA,NA,NA,NA,"Margalefidinium polykrikoides",0
"338","9980362357549baf13e4569eb3ba72e3","Eukaryota;TSAR;Alveolata;Dinoflagellata;Dinophyceae;Gymnodiniales;Gymnodiniaceae;Margalefidinium;Margalefidinium_polykrikoides;","Eukaryota","TSAR","Alveolata","Dinoflagellata","Dinophyceae","Gymnodiniales","Gymnodiniaceae","Margalefidinium","Margalefidinium polykrikoides","Dinoflagellata","Margalefidinium polykrikoides","Margalefidinium","polykrikoides","Cochlodinium polykrikoides","Mixotroph","CM","23 - 28.8 µm","11 µm","","+","","+","+","","+","","","+","","","","","","Jeong et al. (2004); Jeong et al. (2005)",NA,NA,NA,NA,NA,NA,NA,NA,"Margalefidinium polykrikoides",0
"339","66afe5d9d4bbbecae21396d805dcde1d","Eukaryota;TSAR;Alveolata;Dinoflagellata;Dinophyceae;Gymnodiniales;Kareniaceae;Karlodinium;Karlodinium_veneficum;","Eukaryota","TSAR","Alveolata","Dinoflagellata","Dinophyceae","Gymnodiniales","Kareniaceae","Karlodinium","Karlodinium veneficum","Dinoflagellata","Karlodinium veneficum","Karlodinium","veneficum","Karlodinium micrum, Gyrodinium galatheanum","Mixotroph","CM","10.5 - 18.7 µm","10 µm","","+","","","","","+","","","+","","","","","","Li et al. (1999); Li et al. (2000); Li et al. (2001); Adolf et al. (2003); Adolf et al. (2006); Jeong et al. (2010); Calbet et al. (2011); Wang et al. (2011); Place et al. (2012); Zhou et al. (2015); Lin et al. (2018); Ferreira et al. (2022)",NA,NA,NA,NA,NA,NA,NA,NA,"Karlodinium veneficum",0
"340","7c577f5ffa1e709a9b656f170de49d3c","Eukaryota;TSAR;Alveolata;Dinoflagellata;Dinophyceae;Gymnodiniales;Gymnodiniaceae;Gyrodinium;Gyrodinium_fusiforme;","Eukaryota","TSAR","Alveolata","Dinoflagellata","Dinophyceae","Gymnodiniales","Gymnodiniaceae","Gyrodinium","Gyrodinium fusiforme","Dinoflagellata","Gyrodinium fusiforme","Gyrodinium","fusiforme","","Heterotroph","SH","31.1 - 39.9 µm","40 µm","","","","+","","","","","","+","","","","","","Naustvoll (2000); Takano & Horiguchi (2004); Saito et al. (2006); Sherr & Sherr (2007)",NA,NA,NA,NA,NA,NA,NA,NA,"Gyrodinium fusiforme",0
"341","b93539892cf9b03ce84c2e43cce3e7bf","Eukaryota;TSAR;Alveolata;Dinoflagellata;Dinophyceae;Gymnodiniales;Gymnodiniaceae;Gyrodinium;Gyrodinium_fusiforme;","Eukaryota","TSAR","Alveolata","Dinoflagellata","Dinophyceae","Gymnodiniales","Gymnodiniaceae","Gyrodinium","Gyrodinium fusiforme","Dinoflagellata","Gyrodinium fusiforme","Gyrodinium","fusiforme","","Heterotroph","SH","31.1 - 39.9 µm","40 µm","","","","+","","","","","","+","","","","","","Naustvoll (2000); Takano & Horiguchi (2004); Saito et al. (2006); Sherr & Sherr (2007)",NA,NA,NA,NA,NA,NA,NA,NA,"Gyrodinium fusiforme",0
